## Filename : qalingo-bo-wording,,,,,,,,,,,,,
## PrefixKey : bo,,,,,,,,,,,,,
,,,,,,,,,,,,,
##,,,,,,,,,,,,,
## Qalingo - {Q} Project,,,,,,,,,,,,,
"## Internationalisation - ""XXLANGUAGE_CODEXX"" - Backoffice Messages",,,,,,,,,,,,,
##,,,,,,,,,,,,,
Prefix,Key,en,fr,de,es,it,nl,pt,jp,zh-CN,zh-HK,zh-SG,zh-TW
##,,,,,,,,,,,,,
## -- Global --,,,,,,,,,,,,,
##,,,,,,,,,,,,,
,,,,,,,,,,,,,
## -- Common --,,,,,,,,,,,,,
common,legacy.warning,"Conformément à l'Art. 34 de la Loi française "" informatique et libertés "" vous disposez d'un droit d'accès, de modification, de rectification et de suppression des données qui vous concernent.<br/>Pour exercer ce droit, adressez-vous à : xxxxx - Service Relation clientèle - xxxxx Paris – France.","Conformément à l'Art. 34 de la Loi française "" informatique et libertés "" vous disposez d'un droit d'accès, de modification, de rectification et de suppression des données qui vous concernent.<br/>Pour exercer ce droit, adressez-vous à : xxxxx - Service Relation clientèle - xxxxx Paris – France.","Conformément à l'Art. 34 de la Loi française "" informatique et libertés "" vous disposez d'un droit d'accès, de modification, de rectification et de suppression des données qui vous concernent.<br/>Pour exercer ce droit, adressez-vous à : xxxxx - Service Relation clientèle - xxxxx Paris – France.","Conformément à l'Art. 34 de la Loi française "" informatique et libertés "" vous disposez d'un droit d'accès, de modification, de rectification et de suppression des données qui vous concernent.<br/>Pour exercer ce droit, adressez-vous à : xxxxx - Service Relation clientèle - xxxxx Paris – France.","Conformément à l'Art. 34 de la Loi française "" informatique et libertés "" vous disposez d'un droit d'accès, de modification, de rectification et de suppression des données qui vous concernent.<br/>Pour exercer ce droit, adressez-vous à : xxxxx - Service Relation clientèle - xxxxx Paris – France.","Conformément à l'Art. 34 de la Loi française "" informatique et libertés "" vous disposez d'un droit d'accès, de modification, de rectification et de suppression des données qui vous concernent.<br/>Pour exercer ce droit, adressez-vous à : xxxxx - Service Relation clientèle - xxxxx Paris – France.","Conformément à l'Art. 34 de la Loi française "" informatique et libertés "" vous disposez d'un droit d'accès, de modification, de rectification et de suppression des données qui vous concernent.<br/>Pour exercer ce droit, adressez-vous à : xxxxx - Service Relation clientèle - xxxxx Paris – France.","Conformément à l'Art. 34 de la Loi française "" informatique et libertés "" vous disposez d'un droit d'accès, de modification, de rectification et de suppression des données qui vous concernent.<br/>Pour exercer ce droit, adressez-vous à : xxxxx - Service Relation clientèle - xxxxx Paris – France.",据法国现行34法“数据保护” 你有权访问 修改 更正和删除数据你<BR/>行使这项权利 请联系：XXXXX - 客户服务 - 为XXXXX巴黎 - 法国。,據法國現行34法“數據保護”你有權訪問修改更正和刪除數據你<BR/>行使這項權利請聯繫：為XXXXX XXXXX - 客戶服務 - 巴黎 - 法國。,據法國現行34法“數據保護”你有權訪問修改更正和刪除數據你<BR/>行使這項權利請聯繫：為XXXXX XXXXX - 客戶服務 - 巴黎 - 法國。,據法國現行34法“數據保護”你有權訪問修改更正和刪除數據你<BR/>行使這項權利請聯繫：為XXXXX XXXXX - 客戶服務 - 巴黎 - 法國。
,,,,,,,,,,,,,
common,header.logo.title,{Q}alingo -,{Q}alingo -,{Q}alingo -,{Q}alingo -,{Q}alingo -,{Q}alingo -,{Q}alingo -,{Q}alingo -,{Q}alingo -,{Q}alingo -,{Q}alingo -,{Q}alingo -
common,header.env.name,"<b>Environment:</b> <span style=""color: #a1cd44;"">{0}</span>","<b>Environment:</b> <span style=""color: #a1cd44;"">{0}</span>","<b>Environment:</b> <span style=""color: #a1cd44;"">{0}</span>","<b>Environment:</b> <span style=""color: #a1cd44;"">{0}</span>","<b>Environment:</b> <span style=""color: #a1cd44;"">{0}</span>","<b>Environment:</b> <span style=""color: #a1cd44;"">{0}</span>","<b>Environment:</b> <span style=""color: #a1cd44;"">{0}</span>","<b>Environment:</b> <span style=""color: #a1cd44;"">{0}</span>","<b>环境：</b> <span style=""color: #a1cd44;"">{0}</span>","<b>環境：</b> <span style=""color: #a1cd44;"">{0}</span>","<b>環境：</b> <span style=""color: #a1cd44;"">{0}</span>","<b>環境：</b> <span style=""color: #a1cd44;"">{0}</span>"
,,,,,,,,,,,,,
common,header.link.login,Login,Se connecter,Login,Iniciar sesión,Accesso,Inloggen,Login,Login,登录,登錄,登錄,登錄
common,header.link.logout,Logout,Se déconnecter,Abmeldung,Cierre de sesión,Il logout,Uitloggen,Sair,Logout,退出,退出,退出,退出
common,header.link.my.account,Account,Mon compte,Konto,Cuenta,Conto,Rekening,Conta,Account,帐户,帳戶,帳戶,帳戶
,,,,,,,,,,,,,
common,date.create.label,<b>Created date</b>:,<b>Created date</b>:,<b>Created date</b>:,<b>Created date</b>:,<b>Created date</b>:,<b>Created date</b>:,<b>Created date</b>:,<b>Created date</b>:,<b>创建日期</b>：,<b>創建日期</b>：,<b>創建日期</b>：,<b>創建日期</b>：
common,date.update.label,<b>Updated date</b>:,<b>Updated date</b>:,<b>Updated date</b>:,<b>Updated date</b>:,<b>Updated date</b>:,<b>Updated date</b>:,<b>Updated date</b>:,<b>Updated date</b>:,<b>更新日期</b>：,<b>更新日期</b>：,<b>更新日期</b>：,<b>更新日期</b>：
,,,,,,,,,,,,,
common,details.label,Details,Details,Details,Details,Details,Details,Details,Details,详情,詳情,詳情,詳情
common,edit.label,Edit,Edit,Edit,Edit,Edit,Edit,Edit,Edit,编辑,編輯,編輯,編輯
common,submit.label,Submit,Submit,Submit,Submit,Submit,Submit,Submit,Submit,提交,提交,提交,提交
common,save.label,Save,Save,Save,Save,Save,Save,Save,Save,保存,保存,保存,保存
common,delete.label,Delete,Delete,Delete,Delete,Delete,Delete,Delete,Delete,删除,刪除,刪除,刪除
common,actions.label,Actions,Actions,Actions,Actions,Actions,Actions,Actions,active,激活,激活,激活,激活
common,cancel.label,Cancel,Cancel,Cancel,Cancel,Cancel,Cancel,Cancel,Cancel,取消,取消,取消,取消
common,back.label,Back,Back,Back,Back,Back,Back,Back,Back,返回,返回,返回,返回
,,,,,,,,,,,,,
## -- Header --,,,,,,,,,,,,,
header_menu,more_pages,More Pages,Plus...,More Pages,More Pages,More Pages,More Pages,More Pages,More Pages,More Pages,More Pages,More Pages,More Pages
header_menu,marketplaces,MarketPlaces,MarketPlaces,MarketPlaces,MarketPlaces,MarketPlaces,MarketPlaces,MarketPlaces,MarketPlaces,MarketPlaces,MarketPlaces,MarketPlaces,MarketPlaces
header_menu,markets,Markets,Markets,Markets,Markets,Markets,Markets,Markets,Markets,Markets,Markets,Markets,Markets
header_menu,market_areas,Market Area,Market Area,Market Area,Market Area,Market Area,Market Area,Market Area,Market Area,Market Area,Market Area,Market Area,Market Area
header_menu,market_area_languages,M. Area Languages,M. Area Langues,M. Area Languages,M. Area Languages,M. Area Languages,M. Area Languages,M. Area Languages,M. Area Languages,M. Area Languages,M. Area Languages,M. Area Languages,M. Area Languages
header_menu,market_area_retailers,M. Area Retailers,M. Area Retailers,M. Area Retailers,M. Area Retailers,M. Area Retailers,M. Area Retailers,M. Area Retailers,M. Area Retailers,M. Area Retailers,M. Area Retailers,M. Area Retailers,M. Area Retailers
header_menu,market_area_currencies,M. Area Currencies,M. Area Devises,M. Area Currencies,M. Area Currencies,M. Area Currencies,M. Area Currencies,M. Area Currencies,M. Area Currencies,M. Area Currencies,M. Area Currencies,M. Area Currencies,M. Area Currencies
header_menu,settings,Settings,Paramètres,Settings,Settings,Settings,Settings,Settings,Settings,Settings,Settings,Settings,Settings
header_menu,account_settings,Paramètres compte,Account Settings,Account Settings,Account Settings,Account Settings,Account Settings,Account Settings,Account Settings,Account Settings,Account Settings,Account Settings,Account Settings
header_menu,privacy_settings,Privacy Settings,Paramètres de confidentialité,Privacy Settings,Privacy Settings,Privacy Settings,Privacy Settings,Privacy Settings,Privacy Settings,Privacy Settings,Privacy Settings,Privacy Settings,Privacy Settings
header_menu,wiki,Wiki,Wiki,Wiki,Wiki,Wiki,Wiki,Wiki,Wiki,Wiki,Wiki,Wiki,Wiki
header_menu,my_profile,My Profile,Mon compte,My Profile,My Profile,My Profile,My Profile,My Profile,My Profile,My Profile,My Profile,My Profile,My Profile
header_menu,my_groups,My Groups,Mes groupes,My Groups,My Groups,My Groups,My Groups,My Groups,My Groups,My Groups,My Groups,My Groups,My Groups
header_menu,backoffice_languages,Backoffice Languages,Backoffice Langues,Backoffice Languages,Backoffice Languages,Backoffice Languages,Backoffice Languages,Backoffice Languages,Backoffice Languages,Backoffice Languages,Backoffice Languages,Backoffice Languages,Backoffice Languages
header_menu,marketplace,Marketplace,Marketplace,Marketplace,Marketplace,Marketplace,Marketplace,Marketplace,Marketplace,Marketplace,Marketplace,Marketplace,Marketplace
header_menu,market,Market,Market,Market,Market,Market,Market,Market,Market,Market,Market,Market,Market
header_menu,market_area,Market Area,Market Area,Market Area,Market Area,Market Area,Market Area,Market Area,Market Area,Market Area,Market Area,Market Area,Market Area
header_menu,market_area_language,M. Area Localization,M. Area Localization,M. Area Localization,M. Area Localization,M. Area Localization,M. Area Localization,M. Area Localization,M. Area Localization,M. Area Localization,M. Area Localization,M. Area Localization,M. Area Localization
header_menu,market_area_retailer,M. Area Retailer,M. Area Retailer,M. Area Retailer,M. Area Retailer,M. Area Retailer,M. Area Retailer,M. Area Retailer,M. Area Retailer,M. Area Retailer,M. Area Retailer,M. Area Retailer,M. Area Retailer
header_menu,market_area_currency,M. Area Currency,M. Area Devise,M. Area Currency,M. Area Currency,M. Area Currency,M. Area Currency,M. Area Currency,M. Area Currency,M. Area Currency,M. Area Currency,M. Area Currency,M. Area Currency
,,,,,,,,,,,,,
## -- Home Page --,,,,,,,,,,,,,
seo,page.title.home,Home,Accueil,Home,Home,Home,Home,Home,Home,首页,首頁,首頁,首頁
header_menu,home,Home,Accueil,Home,Home,Home,Home,Home,Home,首页,首頁,首頁,首頁
breadcrumb_and_header,home,Home,Accueil,Home,Home,Home,Home,Home,Home,首页,首頁,首頁,首頁
home,main.content.title,Home,Accueil,Home,Home,Home,Home,Home,Home,首页,首頁,首頁,首頁
home,content.text,"Lorem ipsum dolor sit amet, consectetur adipiscing elit. Nulla eget augue ante, et dignissim mi. Cras posuere, dolor vel tempus adipiscing, quam diam eleifend neque, sit amet pulvinar risus enim id elit. Curabitur vitae enim orci, vel tristique ligula. Nullam sed diam ut sem cursus molestie sed quis mauris. Ut imperdiet, nisi eu feugiat egestas, eros nisl elementum tortor, at rutrum odio nulla sit amet turpis. Nullam fermentum, velit vel ornare viverra, mauris velit malesuada augue, eu faucibus eros magna a lacus. Morbi a leo tortor, eu tincidunt velit. Morbi ullamcorper, quam consequat eleifend accumsan, metus erat commodo mi, vitae aliquet erat elit vitae tortor. In eget diam ac felis vulputate molestie pulvinar non arcu. Phasellus ut feugiat justo.","Lorem ipsum dolor sit amet, consectetur adipiscing elit. Nulla eget augue ante, et dignissim mi. Cras posuere, dolor vel tempus adipiscing, quam diam eleifend neque, sit amet pulvinar risus enim id elit. Curabitur vitae enim orci, vel tristique ligula. Nullam sed diam ut sem cursus molestie sed quis mauris. Ut imperdiet, nisi eu feugiat egestas, eros nisl elementum tortor, at rutrum odio nulla sit amet turpis. Nullam fermentum, velit vel ornare viverra, mauris velit malesuada augue, eu faucibus eros magna a lacus. Morbi a leo tortor, eu tincidunt velit. Morbi ullamcorper, quam consequat eleifend accumsan, metus erat commodo mi, vitae aliquet erat elit vitae tortor. In eget diam ac felis vulputate molestie pulvinar non arcu. Phasellus ut feugiat justo.","Lorem ipsum dolor sit amet, consectetur adipiscing elit. Nulla eget augue ante, et dignissim mi. Cras posuere, dolor vel tempus adipiscing, quam diam eleifend neque, sit amet pulvinar risus enim id elit. Curabitur vitae enim orci, vel tristique ligula. Nullam sed diam ut sem cursus molestie sed quis mauris. Ut imperdiet, nisi eu feugiat egestas, eros nisl elementum tortor, at rutrum odio nulla sit amet turpis. Nullam fermentum, velit vel ornare viverra, mauris velit malesuada augue, eu faucibus eros magna a lacus. Morbi a leo tortor, eu tincidunt velit. Morbi ullamcorper, quam consequat eleifend accumsan, metus erat commodo mi, vitae aliquet erat elit vitae tortor. In eget diam ac felis vulputate molestie pulvinar non arcu. Phasellus ut feugiat justo.","Lorem ipsum dolor sit amet, consectetur adipiscing elit. Nulla eget augue ante, et dignissim mi. Cras posuere, dolor vel tempus adipiscing, quam diam eleifend neque, sit amet pulvinar risus enim id elit. Curabitur vitae enim orci, vel tristique ligula. Nullam sed diam ut sem cursus molestie sed quis mauris. Ut imperdiet, nisi eu feugiat egestas, eros nisl elementum tortor, at rutrum odio nulla sit amet turpis. Nullam fermentum, velit vel ornare viverra, mauris velit malesuada augue, eu faucibus eros magna a lacus. Morbi a leo tortor, eu tincidunt velit. Morbi ullamcorper, quam consequat eleifend accumsan, metus erat commodo mi, vitae aliquet erat elit vitae tortor. In eget diam ac felis vulputate molestie pulvinar non arcu. Phasellus ut feugiat justo.","Lorem ipsum dolor sit amet, consectetur adipiscing elit. Nulla eget augue ante, et dignissim mi. Cras posuere, dolor vel tempus adipiscing, quam diam eleifend neque, sit amet pulvinar risus enim id elit. Curabitur vitae enim orci, vel tristique ligula. Nullam sed diam ut sem cursus molestie sed quis mauris. Ut imperdiet, nisi eu feugiat egestas, eros nisl elementum tortor, at rutrum odio nulla sit amet turpis. Nullam fermentum, velit vel ornare viverra, mauris velit malesuada augue, eu faucibus eros magna a lacus. Morbi a leo tortor, eu tincidunt velit. Morbi ullamcorper, quam consequat eleifend accumsan, metus erat commodo mi, vitae aliquet erat elit vitae tortor. In eget diam ac felis vulputate molestie pulvinar non arcu. Phasellus ut feugiat justo.","Lorem ipsum dolor sit amet, consectetur adipiscing elit. Nulla eget augue ante, et dignissim mi. Cras posuere, dolor vel tempus adipiscing, quam diam eleifend neque, sit amet pulvinar risus enim id elit. Curabitur vitae enim orci, vel tristique ligula. Nullam sed diam ut sem cursus molestie sed quis mauris. Ut imperdiet, nisi eu feugiat egestas, eros nisl elementum tortor, at rutrum odio nulla sit amet turpis. Nullam fermentum, velit vel ornare viverra, mauris velit malesuada augue, eu faucibus eros magna a lacus. Morbi a leo tortor, eu tincidunt velit. Morbi ullamcorper, quam consequat eleifend accumsan, metus erat commodo mi, vitae aliquet erat elit vitae tortor. In eget diam ac felis vulputate molestie pulvinar non arcu. Phasellus ut feugiat justo.","Lorem ipsum dolor sit amet, consectetur adipiscing elit. Nulla eget augue ante, et dignissim mi. Cras posuere, dolor vel tempus adipiscing, quam diam eleifend neque, sit amet pulvinar risus enim id elit. Curabitur vitae enim orci, vel tristique ligula. Nullam sed diam ut sem cursus molestie sed quis mauris. Ut imperdiet, nisi eu feugiat egestas, eros nisl elementum tortor, at rutrum odio nulla sit amet turpis. Nullam fermentum, velit vel ornare viverra, mauris velit malesuada augue, eu faucibus eros magna a lacus. Morbi a leo tortor, eu tincidunt velit. Morbi ullamcorper, quam consequat eleifend accumsan, metus erat commodo mi, vitae aliquet erat elit vitae tortor. In eget diam ac felis vulputate molestie pulvinar non arcu. Phasellus ut feugiat justo.","Lorem ipsum dolor sit amet, consectetur adipiscing elit. Nulla eget augue ante, et dignissim mi. Cras posuere, dolor vel tempus adipiscing, quam diam eleifend neque, sit amet pulvinar risus enim id elit. Curabitur vitae enim orci, vel tristique ligula. Nullam sed diam ut sem cursus molestie sed quis mauris. Ut imperdiet, nisi eu feugiat egestas, eros nisl elementum tortor, at rutrum odio nulla sit amet turpis. Nullam fermentum, velit vel ornare viverra, mauris velit malesuada augue, eu faucibus eros magna a lacus. Morbi a leo tortor, eu tincidunt velit. Morbi ullamcorper, quam consequat eleifend accumsan, metus erat commodo mi, vitae aliquet erat elit vitae tortor. In eget diam ac felis vulputate molestie pulvinar non arcu. Phasellus ut feugiat justo.",这是痛苦，谢谢你，后一个注释。离合器取得了尼思的前面，刷，我的女神。明天，他们设置起来，疼痛，或监测的恐惧，日本的帝国保持总线，可以肯定的微笑论坛成千上万的声音。 ，正式拧，欢迎来访的美国国，或油箱世界各地的压力没有到可以讲电视上坐电子邮件尼思帮助。一样聪明，不中频好漫画，观光元素替代的玩家，光明使者它去没有更丑。中继聊天，或玩户外教育，技术将扩展咽痛传播，从湖杂志。主持一个复杂的，电脑游戏开发商。玩过足球，帝国的团队为导向的结果，有被冲击，我的竞争是一个拧包。平台的电网，并极大地降低了员工的汽车，没有酒精工作服收入的敬业精神。 “ ”我们将是肯定要发表评论。离合器已经取得尼思的前面，刷，我的女神。明天，他们安装了疼痛，或监测的恐惧，日本的帝国保持总线，微笑论坛成千上万的声音。 ，为螺纹，欢迎来到美国，还是世界各地的罐。电子邮件发送区实施扩张，坐在后面尼思帮助。一样聪明，不中频好漫画，观光元素替换球员，别墅没有更多的使者，光它丑陋。中继聊天，或玩户外教育，要叛，酸痛的喉咙蔓延来创建，给出一个大致湖。一个复杂的，电脑游戏开发商主办的发挥足球，以团队为导向的结果，帝国，震荡，我的竞争是一个拧包。平台电网和大幅降低员工的汽车，没有酒精。敬业精神在这货运火车上。,這是痛苦，謝謝你，後一個註釋。離合器取得了尼思的前面，刷，我的女神。明天，他們設置起來，疼痛，或監測的恐懼，日本的帝國保持總線，可以肯定的微笑論壇成千上萬的聲音。 ，正式擰，歡迎來訪的美國國，或油箱世界各地的壓力沒有到可以講電視上坐電子郵件尼思幫助。一樣聰明，不中頻好漫畫，觀光元素替代的玩家，光明使者它去沒有更醜。中繼聊天，或玩戶外教育，技術將擴展咽痛傳播，從湖雜誌。主持一個複雜的，電腦遊戲開發商。玩過足球，帝國的團隊為導向的結果，有被衝擊，我的競爭是一個擰包​​。平台的電網，並極大地降低了員工的汽車，沒有酒精工作服收入的敬業精神。 “ ”我們將是肯定要發表評論。離合器已經取得尼思的前面，刷，我的女神。明天，他們安裝了疼痛，或監測的恐懼，日本的帝國保持總線，微笑論壇成千上萬的聲音。 ，為螺紋，歡迎來到美國，還是世界各地的罐。電子郵件發送區實施擴張，坐在後面尼思幫助。一樣聰明，不中頻好漫畫，觀光元素替換球員，別墅沒有更多的使者，光它醜陋。中繼聊天，或玩戶外教育，要叛，酸痛的喉嚨蔓延來創建，給出一個大致湖。一個複雜的，電腦遊戲開發商主辦的發揮足球，以團隊為導向的結果，帝國，震盪，我的競爭是一個擰包​​。平台電網和大幅降低員工的汽車，沒有酒精。敬業精神這貨運火車上。 ,這是痛苦，謝謝你，後一個註釋。離合器取得了尼思的前面，刷，我的女神。明天，他們設置起來，疼痛，或監測的恐懼，日本的帝國保持總線，可以肯定的微笑論壇成千上萬的聲音。 ，正式擰，歡迎來訪的美國國，或油箱世界各地的壓力沒有到可以講電視上坐電子郵件尼思幫助。一樣聰明，不中頻好漫畫，觀光元素替代的玩家，光明使者它去沒有更醜。中繼聊天，或玩戶外教育，技術將擴展咽痛傳播，從湖雜誌。主持一個複雜的，電腦遊戲開發商。玩過足球，帝國的團隊為導向的結果，有被衝擊，我的競爭是一個擰包​​。平台的電網，並極大地降低了員工的汽車，沒有酒精工作服收入的敬業精神。 “ ”我們將是肯定要發表評論。離合器已經取得尼思的前面，刷，我的女神。明天，他們安裝了疼痛，或監測的恐懼，日本的帝國保持總線，微笑論壇成千上萬的聲音。 ，為螺紋，歡迎來到美國，還是世界各地的罐。電子郵件發送區實施擴張，坐在後面尼思幫助。一樣聰明，不中頻好漫畫，觀光元素替換球員，別墅沒有更多的使者，光它醜陋。中繼聊天，或玩戶外教育，要叛，酸痛的喉嚨蔓延來創建，給出一個大致湖。一個複雜的，電腦遊戲開發商主辦的發揮足球，以團隊為導向的結果，帝國，震盪，我的競爭是一個擰包​​。平台電網和大幅降低員工的汽車，沒有酒精。敬業精神這貨運火車上。 ,這是痛苦，謝謝你，後一個註釋。離合器取得了尼思的前面，刷，我的女神。明天，他們設置起來，疼痛，或監測的恐懼，日本的帝國保持總線，可以肯定的微笑論壇成千上萬的聲音。 ，正式擰，歡迎來訪的美國國，或油箱世界各地的壓力沒有到可以講電視上坐電子郵件尼思幫助。一樣聰明，不中頻好漫畫，觀光元素替代的玩家，光明使者它去沒有更醜。中繼聊天，或玩戶外教育，技術將擴展咽痛傳播，從湖雜誌。主持一個複雜的，電腦遊戲開發商。玩過足球，帝國的團隊為導向的結果，有被衝擊，我的競爭是一個擰包​​。平台的電網，並極大地降低了員工的汽車，沒有酒精工作服收入的敬業精神。 “ ”我們將是肯定要發表評論。離合器已經取得尼思的前面，刷，我的女神。明天，他們安裝了疼痛，或監測的恐懼，日本的帝國保持總線，微笑論壇成千上萬的聲音。 ，為螺紋，歡迎來到美國，還是世界各地的罐。電子郵件發送區實施擴張，坐在後面尼思幫助。一樣聰明，不中頻好漫畫，觀光元素替換球員，別墅沒有更多的使者，光它醜陋。中繼聊天，或玩戶外教育，要叛，酸痛的喉嚨蔓延來創建，給出一個大致湖。一個複雜的，電腦遊戲開發商主辦的發揮足球，以團隊為導向的結果，帝國，震盪，我的競爭是一個擰包​​。平台電網和大幅降低員工的汽車，沒有酒精。敬業精神這貨運火車上。 
,,,,,,,,,,,,,
,,,,,,,,,,,,,
## -- User --,,,,,,,,,,,,,
,,,,,,,,,,,,,
user,login.label,<b>Login</b>:,<b>Login</b> :,<b>Login</b>:,<b>Login</b>:,<b>Login</b>:,<b>Login</b>:,<b>Login</b>:,<b>Login</b>:,<b>注册名</b>：,<b>註冊名</b>：,<b>註冊名</b>：,<b>註冊名</b>：
user,lastname.label,<b>Lastname</b>:,<b>Nom</b> :,<b>Lastname</b>:,<b>Lastname</b>:,<b>Lastname</b>:,<b>Lastname</b>:,<b>Lastname</b>:,<b>Lastname</b>:,<b>姓氏</b>：,<b>姓氏</b>：,<b>姓氏</b>：,<b>姓氏</b>：
user,firstname.label,<b>Firstname</b>:,<b>Prénom</b> :,<b>Firstname</b>:,<b>Firstname</b>:,<b>Firstname</b>:,<b>Firstname</b>:,<b>Firstname</b>:,<b>Firstname</b>:,<b>名字</b>：,<b>名字</b>：,<b>名字</b>：,<b>名字</b>：
user,email.label,<b>Email</b>:,<b>email</b> :,<b>Email</b>:,<b>Email</b>:,<b>Email</b>:,<b>Email</b>:,<b>Email</b>:,<b>Email</b>:,<b>电子邮件</b>：,<b>電子郵件</b>：,<b>電子郵件</b>：,<b>電子郵件</b>：
user,password.label,<b>Password</b>:,<b>Mot de passe</b> :,<b>Password</b>:,<b>Password</b>:,<b>Password</b>:,<b>Password</b>:,<b>Password</b>:,<b>Password</b>:,<b>密码</b>：,<b>密碼</b>：,<b>密碼</b>：,<b>密碼</b>：
user,active.label,<b>Active</b>:,<b>Actif</b> :,<b>Active</b>:,<b>Active</b>:,<b>Active</b>:,<b>Active</b>:,<b>Active</b>:,<b>Active</b>:,<b>激活</b>：,<b>激活</b>：,<b>激活</b>：,<b>激活</b>：
user,active.value.true,active,actif,active,active,active,active,active,active,激活的,激活的,激活的,激活的
user,active.value.false,not active,non actif,not active,not active,not active,not active,not active,not active,未激活的,未激活的,未激活的,未激活的
,,,,,,,,,,,,,
user,last.login.label,<b>Last logins</b>:,<b>Last logins</b>:,<b>Last logins</b>:,<b>Last logins</b>:,<b>Last logins</b>:,<b>Last logins</b>:,<b>Last logins</b>:,<b>Last logins</b>:,<b>最后登录</b>：,<b>最後登錄</b>：,<b>最後登錄</b>：,<b>最後登錄</b>：
user,groups.label,<b>Groups</b>:,<b>Groups</b>:,<b>Groups</b>:,<b>Groups</b>:,<b>Groups</b>:,<b>Groups</b>:,<b>Groups</b>:,<b>Groups</b>:,<b>群组</b>：,<b>群組</b>：,<b>群組</b>：,<b>群組</b>：
user,roles.label,<b>Roles</b>:,<b>Roles</b>:,<b>Roles</b>:,<b>Roles</b>:,<b>Roles</b>:,<b>Roles</b>:,<b>Roles</b>:,<b>Roles</b>:,<b>角色</b>：,<b>角色</b>：,<b>角色</b>：,<b>角色</b>：
user,permissions.label,<b>Permissions</b>:,<b>Permissions</b>:,<b>Permissions</b>:,<b>Permissions</b>:,<b>Permissions</b>:,<b>Permissions</b>:,<b>Permissions</b>:,<b>Permissions</b>:,<b>权限</b>：,<b>權限</b>：,<b>權限</b>：,<b>權限</b>：
,,,,,,,,,,,,,
## -- User Details Page --,,,,,,,,,,,,,
user,header.title.user.details,User details,User details,User details,User details,User details,User details,User details,User details,用户详情,用戶詳情,用戶詳情,用戶詳情
header_menu,user.details,User details,User details,User details,User details,User details,User details,User details,User details,用户详情,用戶詳情,用戶詳情,用戶詳情
breadcrumb_and_header,user,User details,User details,User details,User details,User details,User details,User details,User details,用户详情,用戶詳情,用戶詳情,用戶詳情
user,main.content.title.user.details,User details,User details,User details,User details,User details,User details,User details,User details,用户详情,用戶詳情,用戶詳情,用戶詳情
user,content.text,User details,User details,User details,User details,User details,User details,User details,User details,用户详情,用戶詳情,用戶詳情,用戶詳情
,,,,,,,,,,,,,
user,table.date,Date,Date,Date,Date,Date,Date,Date,Date,日期,日期,日期,日期
user,table.host,Host,Hôte,Host,Host,Host,Host,Host,Host,主,主,主,主
user,table.address,Address,Adresse,Address,Address,Address,Address,Address,Address,地址,地址,地址,地址
user,table.code,Code,Code,Code,Code,Code,Code,Code,Code,编码,編碼,編碼,編碼
user,table.name,Name,Nom,Name,Name,Name,Name,Name,Name,名称,名稱,名稱,名稱
,,,,,,,,,,,,,
user,back.label,Back,Retour,Back,Back,Back,Back,Back,Back,返回,返回,返回,返回
user,details.label,Details,Détails,Details,Details,Details,Details,Details,Details,详情,詳情,詳情,詳情
user,edit.label,Edit,Editer,Edit,Edit,Edit,Edit,Edit,Edit,编辑,編輯,編輯,編輯
,,,,,,,,,,,,,
## -- User Edit Page --,,,,,,,,,,,,,
user,header.title.user.edit,User Edit,User Edit,User Edit,User Edit,User Edit,User Edit,User Edit,User Edit,用户修改,用戶修改,用戶修改,用戶修改
user,user.edit,User Edit,User Edit,User Edit,User Edit,User Edit,User Edit,User Edit,User Edit,用户修改,用戶修改,用戶修改,用戶修改
user,main.content.title.user.edit,User Edit,User Edit,User Edit,User Edit,User Edit,User Edit,User Edit,User Edit,用户修改,用戶修改,用戶修改,用戶修改
user,error.form.user.lastname.is.empty,Lastname can't be empty,Lastname can't be empty,Lastname can't be empty,Lastname can't be empty,Lastname can't be empty,Lastname can't be empty,Lastname can't be empty,Lastname can't be empty,姓氏不能为空,姓氏不能為空,姓氏不能為空,姓氏不能為空
user,error.form.user.id.is.empty,Id can't be empty,Id can't be empty,Id can't be empty,Id can't be empty,Id can't be empty,Id can't be empty,Id can't be empty,Id can't be empty,ID不能为空,ID不能為空,ID不能為空,ID不能為空
,,,,,,,,,,,,,
user,form.cancel.label,Cancel,Cancel,Cancel,Cancel,Cancel,Cancel,Cancel,Cancel,取消,取消,取消,取消
user,form.submit.label,Save,Sauvegarder,Save,Save,Save,Save,Save,Save,保存,保存,保存,保存
,,,,,,,,,,,,,
## -- Login / Logout / Timeout  --,,,,,,,,,,,,,
auth,header.title.login,Login,Connexion,Login,Iniciar sesión,Accesso,Inloggen,Login,Login,登录,登錄,登錄,登錄
auth,main.content.title.login,Login,Se connecter,Login,Iniciar sesión,Accesso,Inloggen,Login,Login,登录,登錄,登錄,登錄
auth,login.content.text,"Lorem ipsum dolor sit amet, consectetur adipiscing elit. Nulla eget augue ante, et dignissim mi. Cras posuere, dolor vel tempus adipiscing, quam diam eleifend neque, sit amet pulvinar risus enim id elit. Curabitur vitae enim orci, vel tristique ligula. Nullam sed diam ut sem cursus molestie sed quis mauris. Ut imperdiet, nisi eu feugiat egestas, eros nisl elementum tortor, at rutrum odio nulla sit amet turpis. Nullam fermentum, velit vel ornare viverra, mauris velit malesuada augue, eu faucibus eros magna a lacus. Morbi a leo tortor, eu tincidunt velit. Morbi ullamcorper, quam consequat eleifend accumsan, metus erat commodo mi, vitae aliquet erat elit vitae tortor. In eget diam ac felis vulputate molestie pulvinar non arcu. Phasellus ut feugiat justo.","Lorem ipsum dolor sit amet, consectetur adipiscing elit. Nulla eget augue ante, et dignissim mi. Cras posuere, dolor vel tempus adipiscing, quam diam eleifend neque, sit amet pulvinar risus enim id elit. Curabitur vitae enim orci, vel tristique ligula. Nullam sed diam ut sem cursus molestie sed quis mauris. Ut imperdiet, nisi eu feugiat egestas, eros nisl elementum tortor, at rutrum odio nulla sit amet turpis. Nullam fermentum, velit vel ornare viverra, mauris velit malesuada augue, eu faucibus eros magna a lacus. Morbi a leo tortor, eu tincidunt velit. Morbi ullamcorper, quam consequat eleifend accumsan, metus erat commodo mi, vitae aliquet erat elit vitae tortor. In eget diam ac felis vulputate molestie pulvinar non arcu. Phasellus ut feugiat justo.","Lorem ipsum dolor sit amet, consectetur adipiscing elit. Nulla eget augue ante, et dignissim mi. Cras posuere, dolor vel tempus adipiscing, quam diam eleifend neque, sit amet pulvinar risus enim id elit. Curabitur vitae enim orci, vel tristique ligula. Nullam sed diam ut sem cursus molestie sed quis mauris. Ut imperdiet, nisi eu feugiat egestas, eros nisl elementum tortor, at rutrum odio nulla sit amet turpis. Nullam fermentum, velit vel ornare viverra, mauris velit malesuada augue, eu faucibus eros magna a lacus. Morbi a leo tortor, eu tincidunt velit. Morbi ullamcorper, quam consequat eleifend accumsan, metus erat commodo mi, vitae aliquet erat elit vitae tortor. In eget diam ac felis vulputate molestie pulvinar non arcu. Phasellus ut feugiat justo.","Lorem ipsum dolor sit amet, consectetur adipiscing elit. Nulla eget augue ante, et dignissim mi. Cras posuere, dolor vel tempus adipiscing, quam diam eleifend neque, sit amet pulvinar risus enim id elit. Curabitur vitae enim orci, vel tristique ligula. Nullam sed diam ut sem cursus molestie sed quis mauris. Ut imperdiet, nisi eu feugiat egestas, eros nisl elementum tortor, at rutrum odio nulla sit amet turpis. Nullam fermentum, velit vel ornare viverra, mauris velit malesuada augue, eu faucibus eros magna a lacus. Morbi a leo tortor, eu tincidunt velit. Morbi ullamcorper, quam consequat eleifend accumsan, metus erat commodo mi, vitae aliquet erat elit vitae tortor. In eget diam ac felis vulputate molestie pulvinar non arcu. Phasellus ut feugiat justo.","Lorem ipsum dolor sit amet, consectetur adipiscing elit. Nulla eget augue ante, et dignissim mi. Cras posuere, dolor vel tempus adipiscing, quam diam eleifend neque, sit amet pulvinar risus enim id elit. Curabitur vitae enim orci, vel tristique ligula. Nullam sed diam ut sem cursus molestie sed quis mauris. Ut imperdiet, nisi eu feugiat egestas, eros nisl elementum tortor, at rutrum odio nulla sit amet turpis. Nullam fermentum, velit vel ornare viverra, mauris velit malesuada augue, eu faucibus eros magna a lacus. Morbi a leo tortor, eu tincidunt velit. Morbi ullamcorper, quam consequat eleifend accumsan, metus erat commodo mi, vitae aliquet erat elit vitae tortor. In eget diam ac felis vulputate molestie pulvinar non arcu. Phasellus ut feugiat justo.","Lorem ipsum dolor sit amet, consectetur adipiscing elit. Nulla eget augue ante, et dignissim mi. Cras posuere, dolor vel tempus adipiscing, quam diam eleifend neque, sit amet pulvinar risus enim id elit. Curabitur vitae enim orci, vel tristique ligula. Nullam sed diam ut sem cursus molestie sed quis mauris. Ut imperdiet, nisi eu feugiat egestas, eros nisl elementum tortor, at rutrum odio nulla sit amet turpis. Nullam fermentum, velit vel ornare viverra, mauris velit malesuada augue, eu faucibus eros magna a lacus. Morbi a leo tortor, eu tincidunt velit. Morbi ullamcorper, quam consequat eleifend accumsan, metus erat commodo mi, vitae aliquet erat elit vitae tortor. In eget diam ac felis vulputate molestie pulvinar non arcu. Phasellus ut feugiat justo.","Lorem ipsum dolor sit amet, consectetur adipiscing elit. Nulla eget augue ante, et dignissim mi. Cras posuere, dolor vel tempus adipiscing, quam diam eleifend neque, sit amet pulvinar risus enim id elit. Curabitur vitae enim orci, vel tristique ligula. Nullam sed diam ut sem cursus molestie sed quis mauris. Ut imperdiet, nisi eu feugiat egestas, eros nisl elementum tortor, at rutrum odio nulla sit amet turpis. Nullam fermentum, velit vel ornare viverra, mauris velit malesuada augue, eu faucibus eros magna a lacus. Morbi a leo tortor, eu tincidunt velit. Morbi ullamcorper, quam consequat eleifend accumsan, metus erat commodo mi, vitae aliquet erat elit vitae tortor. In eget diam ac felis vulputate molestie pulvinar non arcu. Phasellus ut feugiat justo.","Lorem ipsum dolor sit amet, consectetur adipiscing elit. Nulla eget augue ante, et dignissim mi. Cras posuere, dolor vel tempus adipiscing, quam diam eleifend neque, sit amet pulvinar risus enim id elit. Curabitur vitae enim orci, vel tristique ligula. Nullam sed diam ut sem cursus molestie sed quis mauris. Ut imperdiet, nisi eu feugiat egestas, eros nisl elementum tortor, at rutrum odio nulla sit amet turpis. Nullam fermentum, velit vel ornare viverra, mauris velit malesuada augue, eu faucibus eros magna a lacus. Morbi a leo tortor, eu tincidunt velit. Morbi ullamcorper, quam consequat eleifend accumsan, metus erat commodo mi, vitae aliquet erat elit vitae tortor. In eget diam ac felis vulputate molestie pulvinar non arcu. Phasellus ut feugiat justo.",这是痛苦，谢谢你，后一个注释。离合器取得了尼思的前面，刷，我的女神。明天，他们设置起来，疼痛，或监测的恐惧，日本的帝国保持总线，可以肯定的微笑论坛成千上万的声音。 ，正式拧，欢迎来访的美国国，或油箱世界各地的压力没有到可以讲电视上坐电子邮件尼思帮助。一样聪明，不中频好漫画，观光元素替代的玩家，光明使者它去没有更丑。中继聊天，或玩户外教育，技术将扩展咽痛传播，从湖杂志。主持一个复杂的，电脑游戏开发商。玩过足球，帝国的团队为导向的结果，有被冲击，我的竞争是一个拧包。平台的电网，并极大地降低了员工的汽车，没有酒精工作服收入的敬业精神。 “ ”我们将是肯定要发表评论。离合器已经取得尼思的前面，刷，我的女神。明天，他们安装了疼痛，或监测的恐惧，日本的帝国保持总线，微笑论坛成千上万的声音。 ，为螺纹，欢迎来到美国，还是世界各地的罐。电子邮件发送区实施扩张，坐在后面尼思帮助。一样聪明，不中频好漫画，观光元素替换球员，别墅没有更多的使者，光它丑陋。中继聊天，或玩户外教育，要叛，酸痛的喉咙蔓延来创建，给出一个大致湖。一个复杂的，电脑游戏开发商主办的发挥足球，以团队为导向的结果，帝国，震荡，我的竞争是一个拧包。平台电网和大幅降低员工的汽车，没有酒精。敬业精神在这货运火车上。,這是痛苦，謝謝你，後一個註釋。離合器取得了尼思的前面，刷，我的女神。明天，他們設置起來，疼痛，或監測的恐懼，日本的帝國保持總線，可以肯定的微笑論壇成千上萬的聲音。 ，正式擰，歡迎來訪的美國國，或油箱世界各地的壓力沒有到可以講電視上坐電子郵件尼思幫助。一樣聰明，不中頻好漫畫，觀光元素替代的玩家，光明使者它去沒有更醜。中繼聊天，或玩戶外教育，技術將擴展咽痛傳播，從湖雜誌。主持一個複雜的，電腦遊戲開發商。玩過足球，帝國的團隊為導向的結果，有被衝擊，我的競爭是一個擰包​​。平台的電網，並極大地降低了員工的汽車，沒有酒精工作服收入的敬業精神。 “ ”我們將是肯定要發表評論。離合器已經取得尼思的前面，刷，我的女神。明天，他們安裝了疼痛，或監測的恐懼，日本的帝國保持總線，微笑論壇成千上萬的聲音。 ，為螺紋，歡迎來到美國，還是世界各地的罐。電子郵件發送區實施擴張，坐在後面尼思幫助。一樣聰明，不中頻好漫畫，觀光元素替換球員，別墅沒有更多的使者，光它醜陋。中繼聊天，或玩戶外教育，要叛，酸痛的喉嚨蔓延來創建，給出一個大致湖。一個複雜的，電腦遊戲開發商主辦的發揮足球，以團隊為導向的結果，帝國，震盪，我的競爭是一個擰包​​。平台電網和大幅降低員工的汽車，沒有酒精。敬業精神這貨運火車上。 ,這是痛苦，謝謝你，後一個註釋。離合器取得了尼思的前面，刷，我的女神。明天，他們設置起來，疼痛，或監測的恐懼，日本的帝國保持總線，可以肯定的微笑論壇成千上萬的聲音。 ，正式擰，歡迎來訪的美國國，或油箱世界各地的壓力沒有到可以講電視上坐電子郵件尼思幫助。一樣聰明，不中頻好漫畫，觀光元素替代的玩家，光明使者它去沒有更醜。中繼聊天，或玩戶外教育，技術將擴展咽痛傳播，從湖雜誌。主持一個複雜的，電腦遊戲開發商。玩過足球，帝國的團隊為導向的結果，有被衝擊，我的競爭是一個擰包​​。平台的電網，並極大地降低了員工的汽車，沒有酒精工作服收入的敬業精神。 “ ”我們將是肯定要發表評論。離合器已經取得尼思的前面，刷，我的女神。明天，他們安裝了疼痛，或監測的恐懼，日本的帝國保持總線，微笑論壇成千上萬的聲音。 ，為螺紋，歡迎來到美國，還是世界各地的罐。電子郵件發送區實施擴張，坐在後面尼思幫助。一樣聰明，不中頻好漫畫，觀光元素替換球員，別墅沒有更多的使者，光它醜陋。中繼聊天，或玩戶外教育，要叛，酸痛的喉嚨蔓延來創建，給出一個大致湖。一個複雜的，電腦遊戲開發商主辦的發揮足球，以團隊為導向的結果，帝國，震盪，我的競爭是一個擰包​​。平台電網和大幅降低員工的汽車，沒有酒精。敬業精神這貨運火車上。 ,這是痛苦，謝謝你，後一個註釋。離合器取得了尼思的前面，刷，我的女神。明天，他們設置起來，疼痛，或監測的恐懼，日本的帝國保持總線，可以肯定的微笑論壇成千上萬的聲音。 ，正式擰，歡迎來訪的美國國，或油箱世界各地的壓力沒有到可以講電視上坐電子郵件尼思幫助。一樣聰明，不中頻好漫畫，觀光元素替代的玩家，光明使者它去沒有更醜。中繼聊天，或玩戶外教育，技術將擴展咽痛傳播，從湖雜誌。主持一個複雜的，電腦遊戲開發商。玩過足球，帝國的團隊為導向的結果，有被衝擊，我的競爭是一個擰包​​。平台的電網，並極大地降低了員工的汽車，沒有酒精工作服收入的敬業精神。 “ ”我們將是肯定要發表評論。離合器已經取得尼思的前面，刷，我的女神。明天，他們安裝了疼痛，或監測的恐懼，日本的帝國保持總線，微笑論壇成千上萬的聲音。 ，為螺紋，歡迎來到美國，還是世界各地的罐。電子郵件發送區實施擴張，坐在後面尼思幫助。一樣聰明，不中頻好漫畫，觀光元素替換球員，別墅沒有更多的使者，光它醜陋。中繼聊天，或玩戶外教育，要叛，酸痛的喉嚨蔓延來創建，給出一個大致湖。一個複雜的，電腦遊戲開發商主辦的發揮足球，以團隊為導向的結果，帝國，震盪，我的競爭是一個擰包​​。平台電網和大幅降低員工的汽車，沒有酒精。敬業精神這貨運火車上。 
,,,,,,,,,,,,,
auth,login.form.login.title,authentication,authentification,authentication,authentication,authentication,authentication,authentication,authentication,认证,認證,認證,認證
auth,login.form.login.label,Login :,Email ou nom d'utilisateur :,Login :,Inicio de sesión:,Login:,Inloggen:,Login:,Login,登录,登錄,登錄,登錄
auth,login.form.forgotten.password.label,Forgotten password,Mot de passe oublié,Passwort vergessen,¿Olvidó su clave,Password dimenticata,Wachtwoord vergeten,Esqueci minha senha,Forgotten password,Forgotten password,,,
auth,login.form.password.label,Password: ,Mot de passe : ,Passwort: ,Contraseña:,Password:,Wachtwoord:,Senha:,Password: ,密码: ,密碼：,密碼：,密碼：
auth,login.form.remember.label,Remember me on this computer.,Mémoriser mon accès.,Meine Daten auf diesem Computer.,Recordarme en este equipo.,Ricordami su questo computer.,Onthoud mij op deze computer.,Lembrar-me neste computador.,Remember me on this computer.,Remember me on this computer.,,,
auth,login.form.login.submit,Login,Se connecter,Login,Iniciar sesión,Accesso,Inloggen,Login,Login,登录,登錄,登錄,登錄
,,,,,,,,,,,,,
auth,header.title.logout,Logout,Logout,Logout,Cerrar sesión,Logout,Afmelden,Sair,Logout,退出,退出,退出,退出
auth,main.content.title.logout,Disconnected session,Session déconnectée,Getrennten Sitzung,Sesión desconectada,Sessione disconnessa,Verbroken sessie,Sessão desconectada,Disconnected session,断开的会话,斷開的會話,斷開的會話,斷開的會話
auth,logout.content.text,"Lorem ipsum dolor sit amet, consectetur adipiscing elit. Nulla eget augue ante, et dignissim mi. Cras posuere, dolor vel tempus adipiscing, quam diam eleifend neque, sit amet pulvinar risus enim id elit. Curabitur vitae enim orci, vel tristique ligula. Nullam sed diam ut sem cursus molestie sed quis mauris. Ut imperdiet, nisi eu feugiat egestas, eros nisl elementum tortor, at rutrum odio nulla sit amet turpis. Nullam fermentum, velit vel ornare viverra, mauris velit malesuada augue, eu faucibus eros magna a lacus. Morbi a leo tortor, eu tincidunt velit. Morbi ullamcorper, quam consequat eleifend accumsan, metus erat commodo mi, vitae aliquet erat elit vitae tortor. In eget diam ac felis vulputate molestie pulvinar non arcu. Phasellus ut feugiat justo.","Lorem ipsum dolor sit amet, consectetur adipiscing elit. Nulla eget augue ante, et dignissim mi. Cras posuere, dolor vel tempus adipiscing, quam diam eleifend neque, sit amet pulvinar risus enim id elit. Curabitur vitae enim orci, vel tristique ligula. Nullam sed diam ut sem cursus molestie sed quis mauris. Ut imperdiet, nisi eu feugiat egestas, eros nisl elementum tortor, at rutrum odio nulla sit amet turpis. Nullam fermentum, velit vel ornare viverra, mauris velit malesuada augue, eu faucibus eros magna a lacus. Morbi a leo tortor, eu tincidunt velit. Morbi ullamcorper, quam consequat eleifend accumsan, metus erat commodo mi, vitae aliquet erat elit vitae tortor. In eget diam ac felis vulputate molestie pulvinar non arcu. Phasellus ut feugiat justo.","Lorem ipsum dolor sit amet, consectetur adipiscing elit. Nulla eget augue ante, et dignissim mi. Cras posuere, dolor vel tempus adipiscing, quam diam eleifend neque, sit amet pulvinar risus enim id elit. Curabitur vitae enim orci, vel tristique ligula. Nullam sed diam ut sem cursus molestie sed quis mauris. Ut imperdiet, nisi eu feugiat egestas, eros nisl elementum tortor, at rutrum odio nulla sit amet turpis. Nullam fermentum, velit vel ornare viverra, mauris velit malesuada augue, eu faucibus eros magna a lacus. Morbi a leo tortor, eu tincidunt velit. Morbi ullamcorper, quam consequat eleifend accumsan, metus erat commodo mi, vitae aliquet erat elit vitae tortor. In eget diam ac felis vulputate molestie pulvinar non arcu. Phasellus ut feugiat justo.","Lorem ipsum dolor sit amet, consectetur adipiscing elit. Nulla eget augue ante, et dignissim mi. Cras posuere, dolor vel tempus adipiscing, quam diam eleifend neque, sit amet pulvinar risus enim id elit. Curabitur vitae enim orci, vel tristique ligula. Nullam sed diam ut sem cursus molestie sed quis mauris. Ut imperdiet, nisi eu feugiat egestas, eros nisl elementum tortor, at rutrum odio nulla sit amet turpis. Nullam fermentum, velit vel ornare viverra, mauris velit malesuada augue, eu faucibus eros magna a lacus. Morbi a leo tortor, eu tincidunt velit. Morbi ullamcorper, quam consequat eleifend accumsan, metus erat commodo mi, vitae aliquet erat elit vitae tortor. In eget diam ac felis vulputate molestie pulvinar non arcu. Phasellus ut feugiat justo.","Lorem ipsum dolor sit amet, consectetur adipiscing elit. Nulla eget augue ante, et dignissim mi. Cras posuere, dolor vel tempus adipiscing, quam diam eleifend neque, sit amet pulvinar risus enim id elit. Curabitur vitae enim orci, vel tristique ligula. Nullam sed diam ut sem cursus molestie sed quis mauris. Ut imperdiet, nisi eu feugiat egestas, eros nisl elementum tortor, at rutrum odio nulla sit amet turpis. Nullam fermentum, velit vel ornare viverra, mauris velit malesuada augue, eu faucibus eros magna a lacus. Morbi a leo tortor, eu tincidunt velit. Morbi ullamcorper, quam consequat eleifend accumsan, metus erat commodo mi, vitae aliquet erat elit vitae tortor. In eget diam ac felis vulputate molestie pulvinar non arcu. Phasellus ut feugiat justo.","Lorem ipsum dolor sit amet, consectetur adipiscing elit. Nulla eget augue ante, et dignissim mi. Cras posuere, dolor vel tempus adipiscing, quam diam eleifend neque, sit amet pulvinar risus enim id elit. Curabitur vitae enim orci, vel tristique ligula. Nullam sed diam ut sem cursus molestie sed quis mauris. Ut imperdiet, nisi eu feugiat egestas, eros nisl elementum tortor, at rutrum odio nulla sit amet turpis. Nullam fermentum, velit vel ornare viverra, mauris velit malesuada augue, eu faucibus eros magna a lacus. Morbi a leo tortor, eu tincidunt velit. Morbi ullamcorper, quam consequat eleifend accumsan, metus erat commodo mi, vitae aliquet erat elit vitae tortor. In eget diam ac felis vulputate molestie pulvinar non arcu. Phasellus ut feugiat justo.","Lorem ipsum dolor sit amet, consectetur adipiscing elit. Nulla eget augue ante, et dignissim mi. Cras posuere, dolor vel tempus adipiscing, quam diam eleifend neque, sit amet pulvinar risus enim id elit. Curabitur vitae enim orci, vel tristique ligula. Nullam sed diam ut sem cursus molestie sed quis mauris. Ut imperdiet, nisi eu feugiat egestas, eros nisl elementum tortor, at rutrum odio nulla sit amet turpis. Nullam fermentum, velit vel ornare viverra, mauris velit malesuada augue, eu faucibus eros magna a lacus. Morbi a leo tortor, eu tincidunt velit. Morbi ullamcorper, quam consequat eleifend accumsan, metus erat commodo mi, vitae aliquet erat elit vitae tortor. In eget diam ac felis vulputate molestie pulvinar non arcu. Phasellus ut feugiat justo.","Lorem ipsum dolor sit amet, consectetur adipiscing elit. Nulla eget augue ante, et dignissim mi. Cras posuere, dolor vel tempus adipiscing, quam diam eleifend neque, sit amet pulvinar risus enim id elit. Curabitur vitae enim orci, vel tristique ligula. Nullam sed diam ut sem cursus molestie sed quis mauris. Ut imperdiet, nisi eu feugiat egestas, eros nisl elementum tortor, at rutrum odio nulla sit amet turpis. Nullam fermentum, velit vel ornare viverra, mauris velit malesuada augue, eu faucibus eros magna a lacus. Morbi a leo tortor, eu tincidunt velit. Morbi ullamcorper, quam consequat eleifend accumsan, metus erat commodo mi, vitae aliquet erat elit vitae tortor. In eget diam ac felis vulputate molestie pulvinar non arcu. Phasellus ut feugiat justo.",这是痛苦，谢谢你，后一个注释。离合器取得了尼思的前面，刷，我的女神。明天，他们设置起来，疼痛，或监测的恐惧，日本的帝国保持总线，可以肯定的微笑论坛成千上万的声音。 ，正式拧，欢迎来访的美国国，或油箱世界各地的压力没有到可以讲电视上坐电子邮件尼思帮助。一样聪明，不中频好漫画，观光元素替代的玩家，光明使者它去没有更丑。中继聊天，或玩户外教育，技术将扩展咽痛传播，从湖杂志。主持一个复杂的，电脑游戏开发商。玩过足球，帝国的团队为导向的结果，有被冲击，我的竞争是一个拧包。平台的电网，并极大地降低了员工的汽车，没有酒精工作服收入的敬业精神。 “ ”我们将是肯定要发表评论。离合器已经取得尼思的前面，刷，我的女神。明天，他们安装了疼痛，或监测的恐惧，日本的帝国保持总线，微笑论坛成千上万的声音。 ，为螺纹，欢迎来到美国，还是世界各地的罐。电子邮件发送区实施扩张，坐在后面尼思帮助。一样聪明，不中频好漫画，观光元素替换球员，别墅没有更多的使者，光它丑陋。中继聊天，或玩户外教育，要叛，酸痛的喉咙蔓延来创建，给出一个大致湖。一个复杂的，电脑游戏开发商主办的发挥足球，以团队为导向的结果，帝国，震荡，我的竞争是一个拧包。平台电网和大幅降低员工的汽车，没有酒精。敬业精神在这货运火车上。,這是痛苦，謝謝你，後一個註釋。離合器取得了尼思的前面，刷，我的女神。明天，他們設置起來，疼痛，或監測的恐懼，日本的帝國保持總線，可以肯定的微笑論壇成千上萬的聲音。 ，正式擰，歡迎來訪的美國國，或油箱世界各地的壓力沒有到可以講電視上坐電子郵件尼思幫助。一樣聰明，不中頻好漫畫，觀光元素替代的玩家，光明使者它去沒有更醜。中繼聊天，或玩戶外教育，技術將擴展咽痛傳播，從湖雜誌。主持一個複雜的，電腦遊戲開發商。玩過足球，帝國的團隊為導向的結果，有被衝擊，我的競爭是一個擰包​​。平台的電網，並極大地降低了員工的汽車，沒有酒精工作服收入的敬業精神。 “ ”我們將是肯定要發表評論。離合器已經取得尼思的前面，刷，我的女神。明天，他們安裝了疼痛，或監測的恐懼，日本的帝國保持總線，微笑論壇成千上萬的聲音。 ，為螺紋，歡迎來到美國，還是世界各地的罐。電子郵件發送區實施擴張，坐在後面尼思幫助。一樣聰明，不中頻好漫畫，觀光元素替換球員，別墅沒有更多的使者，光它醜陋。中繼聊天，或玩戶外教育，要叛，酸痛的喉嚨蔓延來創建，給出一個大致湖。一個複雜的，電腦遊戲開發商主辦的發揮足球，以團隊為導向的結果，帝國，震盪，我的競爭是一個擰包​​。平台電網和大幅降低員工的汽車，沒有酒精。敬業精神這貨運火車上。 ,這是痛苦，謝謝你，後一個註釋。離合器取得了尼思的前面，刷，我的女神。明天，他們設置起來，疼痛，或監測的恐懼，日本的帝國保持總線，可以肯定的微笑論壇成千上萬的聲音。 ，正式擰，歡迎來訪的美國國，或油箱世界各地的壓力沒有到可以講電視上坐電子郵件尼思幫助。一樣聰明，不中頻好漫畫，觀光元素替代的玩家，光明使者它去沒有更醜。中繼聊天，或玩戶外教育，技術將擴展咽痛傳播，從湖雜誌。主持一個複雜的，電腦遊戲開發商。玩過足球，帝國的團隊為導向的結果，有被衝擊，我的競爭是一個擰包​​。平台的電網，並極大地降低了員工的汽車，沒有酒精工作服收入的敬業精神。 “ ”我們將是肯定要發表評論。離合器已經取得尼思的前面，刷，我的女神。明天，他們安裝了疼痛，或監測的恐懼，日本的帝國保持總線，微笑論壇成千上萬的聲音。 ，為螺紋，歡迎來到美國，還是世界各地的罐。電子郵件發送區實施擴張，坐在後面尼思幫助。一樣聰明，不中頻好漫畫，觀光元素替換球員，別墅沒有更多的使者，光它醜陋。中繼聊天，或玩戶外教育，要叛，酸痛的喉嚨蔓延來創建，給出一個大致湖。一個複雜的，電腦遊戲開發商主辦的發揮足球，以團隊為導向的結果，帝國，震盪，我的競爭是一個擰包​​。平台電網和大幅降低員工的汽車，沒有酒精。敬業精神這貨運火車上。 ,這是痛苦，謝謝你，後一個註釋。離合器取得了尼思的前面，刷，我的女神。明天，他們設置起來，疼痛，或監測的恐懼，日本的帝國保持總線，可以肯定的微笑論壇成千上萬的聲音。 ，正式擰，歡迎來訪的美國國，或油箱世界各地的壓力沒有到可以講電視上坐電子郵件尼思幫助。一樣聰明，不中頻好漫畫，觀光元素替代的玩家，光明使者它去沒有更醜。中繼聊天，或玩戶外教育，技術將擴展咽痛傳播，從湖雜誌。主持一個複雜的，電腦遊戲開發商。玩過足球，帝國的團隊為導向的結果，有被衝擊，我的競爭是一個擰包​​。平台的電網，並極大地降低了員工的汽車，沒有酒精工作服收入的敬業精神。 “ ”我們將是肯定要發表評論。離合器已經取得尼思的前面，刷，我的女神。明天，他們安裝了疼痛，或監測的恐懼，日本的帝國保持總線，微笑論壇成千上萬的聲音。 ，為螺紋，歡迎來到美國，還是世界各地的罐。電子郵件發送區實施擴張，坐在後面尼思幫助。一樣聰明，不中頻好漫畫，觀光元素替換球員，別墅沒有更多的使者，光它醜陋。中繼聊天，或玩戶外教育，要叛，酸痛的喉嚨蔓延來創建，給出一個大致湖。一個複雜的，電腦遊戲開發商主辦的發揮足球，以團隊為導向的結果，帝國，震盪，我的競爭是一個擰包​​。平台電網和大幅降低員工的汽車，沒有酒精。敬業精神這貨運火車上。 
,,,,,,,,,,,,,
auth,header.title.timeout,Timeout,Session expirée,Timeout,Tiempo de espera,Timeout,Time-out,Timeout,Timeout,超时,超時,超時,超時
auth,main.content.title.timeout,Timeout,Session expirée,Timeout,Tiempo de espera,Timeout,Time-out,Timeout,Timeout,超时,超時,超時,超時
auth,timeout.content.text,"Lorem ipsum dolor sit amet, consectetur adipiscing elit. Nulla eget augue ante, et dignissim mi. Cras posuere, dolor vel tempus adipiscing, quam diam eleifend neque, sit amet pulvinar risus enim id elit. Curabitur vitae enim orci, vel tristique ligula. Nullam sed diam ut sem cursus molestie sed quis mauris. Ut imperdiet, nisi eu feugiat egestas, eros nisl elementum tortor, at rutrum odio nulla sit amet turpis. Nullam fermentum, velit vel ornare viverra, mauris velit malesuada augue, eu faucibus eros magna a lacus. Morbi a leo tortor, eu tincidunt velit. Morbi ullamcorper, quam consequat eleifend accumsan, metus erat commodo mi, vitae aliquet erat elit vitae tortor. In eget diam ac felis vulputate molestie pulvinar non arcu. Phasellus ut feugiat justo.","Lorem ipsum dolor sit amet, consectetur adipiscing elit. Nulla eget augue ante, et dignissim mi. Cras posuere, dolor vel tempus adipiscing, quam diam eleifend neque, sit amet pulvinar risus enim id elit. Curabitur vitae enim orci, vel tristique ligula. Nullam sed diam ut sem cursus molestie sed quis mauris. Ut imperdiet, nisi eu feugiat egestas, eros nisl elementum tortor, at rutrum odio nulla sit amet turpis. Nullam fermentum, velit vel ornare viverra, mauris velit malesuada augue, eu faucibus eros magna a lacus. Morbi a leo tortor, eu tincidunt velit. Morbi ullamcorper, quam consequat eleifend accumsan, metus erat commodo mi, vitae aliquet erat elit vitae tortor. In eget diam ac felis vulputate molestie pulvinar non arcu. Phasellus ut feugiat justo.","Lorem ipsum dolor sit amet, consectetur adipiscing elit. Nulla eget augue ante, et dignissim mi. Cras posuere, dolor vel tempus adipiscing, quam diam eleifend neque, sit amet pulvinar risus enim id elit. Curabitur vitae enim orci, vel tristique ligula. Nullam sed diam ut sem cursus molestie sed quis mauris. Ut imperdiet, nisi eu feugiat egestas, eros nisl elementum tortor, at rutrum odio nulla sit amet turpis. Nullam fermentum, velit vel ornare viverra, mauris velit malesuada augue, eu faucibus eros magna a lacus. Morbi a leo tortor, eu tincidunt velit. Morbi ullamcorper, quam consequat eleifend accumsan, metus erat commodo mi, vitae aliquet erat elit vitae tortor. In eget diam ac felis vulputate molestie pulvinar non arcu. Phasellus ut feugiat justo.","Lorem ipsum dolor sit amet, consectetur adipiscing elit. Nulla eget augue ante, et dignissim mi. Cras posuere, dolor vel tempus adipiscing, quam diam eleifend neque, sit amet pulvinar risus enim id elit. Curabitur vitae enim orci, vel tristique ligula. Nullam sed diam ut sem cursus molestie sed quis mauris. Ut imperdiet, nisi eu feugiat egestas, eros nisl elementum tortor, at rutrum odio nulla sit amet turpis. Nullam fermentum, velit vel ornare viverra, mauris velit malesuada augue, eu faucibus eros magna a lacus. Morbi a leo tortor, eu tincidunt velit. Morbi ullamcorper, quam consequat eleifend accumsan, metus erat commodo mi, vitae aliquet erat elit vitae tortor. In eget diam ac felis vulputate molestie pulvinar non arcu. Phasellus ut feugiat justo.","Lorem ipsum dolor sit amet, consectetur adipiscing elit. Nulla eget augue ante, et dignissim mi. Cras posuere, dolor vel tempus adipiscing, quam diam eleifend neque, sit amet pulvinar risus enim id elit. Curabitur vitae enim orci, vel tristique ligula. Nullam sed diam ut sem cursus molestie sed quis mauris. Ut imperdiet, nisi eu feugiat egestas, eros nisl elementum tortor, at rutrum odio nulla sit amet turpis. Nullam fermentum, velit vel ornare viverra, mauris velit malesuada augue, eu faucibus eros magna a lacus. Morbi a leo tortor, eu tincidunt velit. Morbi ullamcorper, quam consequat eleifend accumsan, metus erat commodo mi, vitae aliquet erat elit vitae tortor. In eget diam ac felis vulputate molestie pulvinar non arcu. Phasellus ut feugiat justo.","Lorem ipsum dolor sit amet, consectetur adipiscing elit. Nulla eget augue ante, et dignissim mi. Cras posuere, dolor vel tempus adipiscing, quam diam eleifend neque, sit amet pulvinar risus enim id elit. Curabitur vitae enim orci, vel tristique ligula. Nullam sed diam ut sem cursus molestie sed quis mauris. Ut imperdiet, nisi eu feugiat egestas, eros nisl elementum tortor, at rutrum odio nulla sit amet turpis. Nullam fermentum, velit vel ornare viverra, mauris velit malesuada augue, eu faucibus eros magna a lacus. Morbi a leo tortor, eu tincidunt velit. Morbi ullamcorper, quam consequat eleifend accumsan, metus erat commodo mi, vitae aliquet erat elit vitae tortor. In eget diam ac felis vulputate molestie pulvinar non arcu. Phasellus ut feugiat justo.","Lorem ipsum dolor sit amet, consectetur adipiscing elit. Nulla eget augue ante, et dignissim mi. Cras posuere, dolor vel tempus adipiscing, quam diam eleifend neque, sit amet pulvinar risus enim id elit. Curabitur vitae enim orci, vel tristique ligula. Nullam sed diam ut sem cursus molestie sed quis mauris. Ut imperdiet, nisi eu feugiat egestas, eros nisl elementum tortor, at rutrum odio nulla sit amet turpis. Nullam fermentum, velit vel ornare viverra, mauris velit malesuada augue, eu faucibus eros magna a lacus. Morbi a leo tortor, eu tincidunt velit. Morbi ullamcorper, quam consequat eleifend accumsan, metus erat commodo mi, vitae aliquet erat elit vitae tortor. In eget diam ac felis vulputate molestie pulvinar non arcu. Phasellus ut feugiat justo.","Lorem ipsum dolor sit amet, consectetur adipiscing elit. Nulla eget augue ante, et dignissim mi. Cras posuere, dolor vel tempus adipiscing, quam diam eleifend neque, sit amet pulvinar risus enim id elit. Curabitur vitae enim orci, vel tristique ligula. Nullam sed diam ut sem cursus molestie sed quis mauris. Ut imperdiet, nisi eu feugiat egestas, eros nisl elementum tortor, at rutrum odio nulla sit amet turpis. Nullam fermentum, velit vel ornare viverra, mauris velit malesuada augue, eu faucibus eros magna a lacus. Morbi a leo tortor, eu tincidunt velit. Morbi ullamcorper, quam consequat eleifend accumsan, metus erat commodo mi, vitae aliquet erat elit vitae tortor. In eget diam ac felis vulputate molestie pulvinar non arcu. Phasellus ut feugiat justo.",这是痛苦，谢谢你，后一个注释。离合器取得了尼思的前面，刷，我的女神。明天，他们设置起来，疼痛，或监测的恐惧，日本的帝国保持总线，可以肯定的微笑论坛成千上万的声音。 ，正式拧，欢迎来访的美国国，或油箱世界各地的压力没有到可以讲电视上坐电子邮件尼思帮助。一样聪明，不中频好漫画，观光元素替代的玩家，光明使者它去没有更丑。中继聊天，或玩户外教育，技术将扩展咽痛传播，从湖杂志。主持一个复杂的，电脑游戏开发商。玩过足球，帝国的团队为导向的结果，有被冲击，我的竞争是一个拧包。平台的电网，并极大地降低了员工的汽车，没有酒精工作服收入的敬业精神。 “ ”我们将是肯定要发表评论。离合器已经取得尼思的前面，刷，我的女神。明天，他们安装了疼痛，或监测的恐惧，日本的帝国保持总线，微笑论坛成千上万的声音。 ，为螺纹，欢迎来到美国，还是世界各地的罐。电子邮件发送区实施扩张，坐在后面尼思帮助。一样聪明，不中频好漫画，观光元素替换球员，别墅没有更多的使者，光它丑陋。中继聊天，或玩户外教育，要叛，酸痛的喉咙蔓延来创建，给出一个大致湖。一个复杂的，电脑游戏开发商主办的发挥足球，以团队为导向的结果，帝国，震荡，我的竞争是一个拧包。平台电网和大幅降低员工的汽车，没有酒精。敬业精神在这货运火车上。,這是痛苦，謝謝你，後一個註釋。離合器取得了尼思的前面，刷，我的女神。明天，他們設置起來，疼痛，或監測的恐懼，日本的帝國保持總線，可以肯定的微笑論壇成千上萬的聲音。 ，正式擰，歡迎來訪的美國國，或油箱世界各地的壓力沒有到可以講電視上坐電子郵件尼思幫助。一樣聰明，不中頻好漫畫，觀光元素替代的玩家，光明使者它去沒有更醜。中繼聊天，或玩戶外教育，技術將擴展咽痛傳播，從湖雜誌。主持一個複雜的，電腦遊戲開發商。玩過足球，帝國的團隊為導向的結果，有被衝擊，我的競爭是一個擰包​​。平台的電網，並極大地降低了員工的汽車，沒有酒精工作服收入的敬業精神。 “ ”我們將是肯定要發表評論。離合器已經取得尼思的前面，刷，我的女神。明天，他們安裝了疼痛，或監測的恐懼，日本的帝國保持總線，微笑論壇成千上萬的聲音。 ，為螺紋，歡迎來到美國，還是世界各地的罐。電子郵件發送區實施擴張，坐在後面尼思幫助。一樣聰明，不中頻好漫畫，觀光元素替換球員，別墅沒有更多的使者，光它醜陋。中繼聊天，或玩戶外教育，要叛，酸痛的喉嚨蔓延來創建，給出一個大致湖。一個複雜的，電腦遊戲開發商主辦的發揮足球，以團隊為導向的結果，帝國，震盪，我的競爭是一個擰包​​。平台電網和大幅降低員工的汽車，沒有酒精。敬業精神這貨運火車上。 ,這是痛苦，謝謝你，後一個註釋。離合器取得了尼思的前面，刷，我的女神。明天，他們設置起來，疼痛，或監測的恐懼，日本的帝國保持總線，可以肯定的微笑論壇成千上萬的聲音。 ，正式擰，歡迎來訪的美國國，或油箱世界各地的壓力沒有到可以講電視上坐電子郵件尼思幫助。一樣聰明，不中頻好漫畫，觀光元素替代的玩家，光明使者它去沒有更醜。中繼聊天，或玩戶外教育，技術將擴展咽痛傳播，從湖雜誌。主持一個複雜的，電腦遊戲開發商。玩過足球，帝國的團隊為導向的結果，有被衝擊，我的競爭是一個擰包​​。平台的電網，並極大地降低了員工的汽車，沒有酒精工作服收入的敬業精神。 “ ”我們將是肯定要發表評論。離合器已經取得尼思的前面，刷，我的女神。明天，他們安裝了疼痛，或監測的恐懼，日本的帝國保持總線，微笑論壇成千上萬的聲音。 ，為螺紋，歡迎來到美國，還是世界各地的罐。電子郵件發送區實施擴張，坐在後面尼思幫助。一樣聰明，不中頻好漫畫，觀光元素替換球員，別墅沒有更多的使者，光它醜陋。中繼聊天，或玩戶外教育，要叛，酸痛的喉嚨蔓延來創建，給出一個大致湖。一個複雜的，電腦遊戲開發商主辦的發揮足球，以團隊為導向的結果，帝國，震盪，我的競爭是一個擰包​​。平台電網和大幅降低員工的汽車，沒有酒精。敬業精神這貨運火車上。 ,這是痛苦，謝謝你，後一個註釋。離合器取得了尼思的前面，刷，我的女神。明天，他們設置起來，疼痛，或監測的恐懼，日本的帝國保持總線，可以肯定的微笑論壇成千上萬的聲音。 ，正式擰，歡迎來訪的美國國，或油箱世界各地的壓力沒有到可以講電視上坐電子郵件尼思幫助。一樣聰明，不中頻好漫畫，觀光元素替代的玩家，光明使者它去沒有更醜。中繼聊天，或玩戶外教育，技術將擴展咽痛傳播，從湖雜誌。主持一個複雜的，電腦遊戲開發商。玩過足球，帝國的團隊為導向的結果，有被衝擊，我的競爭是一個擰包​​。平台的電網，並極大地降低了員工的汽車，沒有酒精工作服收入的敬業精神。 “ ”我們將是肯定要發表評論。離合器已經取得尼思的前面，刷，我的女神。明天，他們安裝了疼痛，或監測的恐懼，日本的帝國保持總線，微笑論壇成千上萬的聲音。 ，為螺紋，歡迎來到美國，還是世界各地的罐。電子郵件發送區實施擴張，坐在後面尼思幫助。一樣聰明，不中頻好漫畫，觀光元素替換球員，別墅沒有更多的使者，光它醜陋。中繼聊天，或玩戶外教育，要叛，酸痛的喉嚨蔓延來創建，給出一個大致湖。一個複雜的，電腦遊戲開發商主辦的發揮足球，以團隊為導向的結果，帝國，震盪，我的競爭是一個擰包​​。平台電網和大幅降低員工的汽車，沒有酒精。敬業精神這貨運火車上。 
,,,,,,,,,,,,,
auth,header.title.forbidden,Forbidden,Vous n'êtes pas authorisé,Verboten,Prohibido,Vietato,Verboden,Proibido,Forbidden,被禁止,被禁止,被禁止,被禁止
auth,main.content.title.forbidden,Forbidden,Vous n'êtes pas authorisé,Verboten,Prohibido,Vietato,Verboden,Proibido,Forbidden,被禁止,被禁止,被禁止,被禁止
auth,forbidden.content.text,"Lorem ipsum dolor sit amet, consectetur adipiscing elit. Nulla eget augue ante, et dignissim mi. Cras posuere, dolor vel tempus adipiscing, quam diam eleifend neque, sit amet pulvinar risus enim id elit. Curabitur vitae enim orci, vel tristique ligula. Nullam sed diam ut sem cursus molestie sed quis mauris. Ut imperdiet, nisi eu feugiat egestas, eros nisl elementum tortor, at rutrum odio nulla sit amet turpis. Nullam fermentum, velit vel ornare viverra, mauris velit malesuada augue, eu faucibus eros magna a lacus. Morbi a leo tortor, eu tincidunt velit. Morbi ullamcorper, quam consequat eleifend accumsan, metus erat commodo mi, vitae aliquet erat elit vitae tortor. In eget diam ac felis vulputate molestie pulvinar non arcu. Phasellus ut feugiat justo.","Lorem ipsum dolor sit amet, consectetur adipiscing elit. Nulla eget augue ante, et dignissim mi. Cras posuere, dolor vel tempus adipiscing, quam diam eleifend neque, sit amet pulvinar risus enim id elit. Curabitur vitae enim orci, vel tristique ligula. Nullam sed diam ut sem cursus molestie sed quis mauris. Ut imperdiet, nisi eu feugiat egestas, eros nisl elementum tortor, at rutrum odio nulla sit amet turpis. Nullam fermentum, velit vel ornare viverra, mauris velit malesuada augue, eu faucibus eros magna a lacus. Morbi a leo tortor, eu tincidunt velit. Morbi ullamcorper, quam consequat eleifend accumsan, metus erat commodo mi, vitae aliquet erat elit vitae tortor. In eget diam ac felis vulputate molestie pulvinar non arcu. Phasellus ut feugiat justo.","Lorem ipsum dolor sit amet, consectetur adipiscing elit. Nulla eget augue ante, et dignissim mi. Cras posuere, dolor vel tempus adipiscing, quam diam eleifend neque, sit amet pulvinar risus enim id elit. Curabitur vitae enim orci, vel tristique ligula. Nullam sed diam ut sem cursus molestie sed quis mauris. Ut imperdiet, nisi eu feugiat egestas, eros nisl elementum tortor, at rutrum odio nulla sit amet turpis. Nullam fermentum, velit vel ornare viverra, mauris velit malesuada augue, eu faucibus eros magna a lacus. Morbi a leo tortor, eu tincidunt velit. Morbi ullamcorper, quam consequat eleifend accumsan, metus erat commodo mi, vitae aliquet erat elit vitae tortor. In eget diam ac felis vulputate molestie pulvinar non arcu. Phasellus ut feugiat justo.","Lorem ipsum dolor sit amet, consectetur adipiscing elit. Nulla eget augue ante, et dignissim mi. Cras posuere, dolor vel tempus adipiscing, quam diam eleifend neque, sit amet pulvinar risus enim id elit. Curabitur vitae enim orci, vel tristique ligula. Nullam sed diam ut sem cursus molestie sed quis mauris. Ut imperdiet, nisi eu feugiat egestas, eros nisl elementum tortor, at rutrum odio nulla sit amet turpis. Nullam fermentum, velit vel ornare viverra, mauris velit malesuada augue, eu faucibus eros magna a lacus. Morbi a leo tortor, eu tincidunt velit. Morbi ullamcorper, quam consequat eleifend accumsan, metus erat commodo mi, vitae aliquet erat elit vitae tortor. In eget diam ac felis vulputate molestie pulvinar non arcu. Phasellus ut feugiat justo.","Lorem ipsum dolor sit amet, consectetur adipiscing elit. Nulla eget augue ante, et dignissim mi. Cras posuere, dolor vel tempus adipiscing, quam diam eleifend neque, sit amet pulvinar risus enim id elit. Curabitur vitae enim orci, vel tristique ligula. Nullam sed diam ut sem cursus molestie sed quis mauris. Ut imperdiet, nisi eu feugiat egestas, eros nisl elementum tortor, at rutrum odio nulla sit amet turpis. Nullam fermentum, velit vel ornare viverra, mauris velit malesuada augue, eu faucibus eros magna a lacus. Morbi a leo tortor, eu tincidunt velit. Morbi ullamcorper, quam consequat eleifend accumsan, metus erat commodo mi, vitae aliquet erat elit vitae tortor. In eget diam ac felis vulputate molestie pulvinar non arcu. Phasellus ut feugiat justo.","Lorem ipsum dolor sit amet, consectetur adipiscing elit. Nulla eget augue ante, et dignissim mi. Cras posuere, dolor vel tempus adipiscing, quam diam eleifend neque, sit amet pulvinar risus enim id elit. Curabitur vitae enim orci, vel tristique ligula. Nullam sed diam ut sem cursus molestie sed quis mauris. Ut imperdiet, nisi eu feugiat egestas, eros nisl elementum tortor, at rutrum odio nulla sit amet turpis. Nullam fermentum, velit vel ornare viverra, mauris velit malesuada augue, eu faucibus eros magna a lacus. Morbi a leo tortor, eu tincidunt velit. Morbi ullamcorper, quam consequat eleifend accumsan, metus erat commodo mi, vitae aliquet erat elit vitae tortor. In eget diam ac felis vulputate molestie pulvinar non arcu. Phasellus ut feugiat justo.","Lorem ipsum dolor sit amet, consectetur adipiscing elit. Nulla eget augue ante, et dignissim mi. Cras posuere, dolor vel tempus adipiscing, quam diam eleifend neque, sit amet pulvinar risus enim id elit. Curabitur vitae enim orci, vel tristique ligula. Nullam sed diam ut sem cursus molestie sed quis mauris. Ut imperdiet, nisi eu feugiat egestas, eros nisl elementum tortor, at rutrum odio nulla sit amet turpis. Nullam fermentum, velit vel ornare viverra, mauris velit malesuada augue, eu faucibus eros magna a lacus. Morbi a leo tortor, eu tincidunt velit. Morbi ullamcorper, quam consequat eleifend accumsan, metus erat commodo mi, vitae aliquet erat elit vitae tortor. In eget diam ac felis vulputate molestie pulvinar non arcu. Phasellus ut feugiat justo.","Lorem ipsum dolor sit amet, consectetur adipiscing elit. Nulla eget augue ante, et dignissim mi. Cras posuere, dolor vel tempus adipiscing, quam diam eleifend neque, sit amet pulvinar risus enim id elit. Curabitur vitae enim orci, vel tristique ligula. Nullam sed diam ut sem cursus molestie sed quis mauris. Ut imperdiet, nisi eu feugiat egestas, eros nisl elementum tortor, at rutrum odio nulla sit amet turpis. Nullam fermentum, velit vel ornare viverra, mauris velit malesuada augue, eu faucibus eros magna a lacus. Morbi a leo tortor, eu tincidunt velit. Morbi ullamcorper, quam consequat eleifend accumsan, metus erat commodo mi, vitae aliquet erat elit vitae tortor. In eget diam ac felis vulputate molestie pulvinar non arcu. Phasellus ut feugiat justo.",这是痛苦，谢谢你，后一个注释。离合器取得了尼思的前面，刷，我的女神。明天，他们设置起来，疼痛，或监测的恐惧，日本的帝国保持总线，可以肯定的微笑论坛成千上万的声音。 ，正式拧，欢迎来访的美国国，或油箱世界各地的压力没有到可以讲电视上坐电子邮件尼思帮助。一样聪明，不中频好漫画，观光元素替代的玩家，光明使者它去没有更丑。中继聊天，或玩户外教育，技术将扩展咽痛传播，从湖杂志。主持一个复杂的，电脑游戏开发商。玩过足球，帝国的团队为导向的结果，有被冲击，我的竞争是一个拧包。平台的电网，并极大地降低了员工的汽车，没有酒精工作服收入的敬业精神。 “ ”我们将是肯定要发表评论。离合器已经取得尼思的前面，刷，我的女神。明天，他们安装了疼痛，或监测的恐惧，日本的帝国保持总线，微笑论坛成千上万的声音。 ，为螺纹，欢迎来到美国，还是世界各地的罐。电子邮件发送区实施扩张，坐在后面尼思帮助。一样聪明，不中频好漫画，观光元素替换球员，别墅没有更多的使者，光它丑陋。中继聊天，或玩户外教育，要叛，酸痛的喉咙蔓延来创建，给出一个大致湖。一个复杂的，电脑游戏开发商主办的发挥足球，以团队为导向的结果，帝国，震荡，我的竞争是一个拧包。平台电网和大幅降低员工的汽车，没有酒精。敬业精神在这货运火车上。,這是痛苦，謝謝你，後一個註釋。離合器取得了尼思的前面，刷，我的女神。明天，他們設置起來，疼痛，或監測的恐懼，日本的帝國保持總線，可以肯定的微笑論壇成千上萬的聲音。 ，正式擰，歡迎來訪的美國國，或油箱世界各地的壓力沒有到可以講電視上坐電子郵件尼思幫助。一樣聰明，不中頻好漫畫，觀光元素替代的玩家，光明使者它去沒有更醜。中繼聊天，或玩戶外教育，技術將擴展咽痛傳播，從湖雜誌。主持一個複雜的，電腦遊戲開發商。玩過足球，帝國的團隊為導向的結果，有被衝擊，我的競爭是一個擰包​​。平台的電網，並極大地降低了員工的汽車，沒有酒精工作服收入的敬業精神。 “ ”我們將是肯定要發表評論。離合器已經取得尼思的前面，刷，我的女神。明天，他們安裝了疼痛，或監測的恐懼，日本的帝國保持總線，微笑論壇成千上萬的聲音。 ，為螺紋，歡迎來到美國，還是世界各地的罐。電子郵件發送區實施擴張，坐在後面尼思幫助。一樣聰明，不中頻好漫畫，觀光元素替換球員，別墅沒有更多的使者，光它醜陋。中繼聊天，或玩戶外教育，要叛，酸痛的喉嚨蔓延來創建，給出一個大致湖。一個複雜的，電腦遊戲開發商主辦的發揮足球，以團隊為導向的結果，帝國，震盪，我的競爭是一個擰包​​。平台電網和大幅降低員工的汽車，沒有酒精。敬業精神這貨運火車上。 ,這是痛苦，謝謝你，後一個註釋。離合器取得了尼思的前面，刷，我的女神。明天，他們設置起來，疼痛，或監測的恐懼，日本的帝國保持總線，可以肯定的微笑論壇成千上萬的聲音。 ，正式擰，歡迎來訪的美國國，或油箱世界各地的壓力沒有到可以講電視上坐電子郵件尼思幫助。一樣聰明，不中頻好漫畫，觀光元素替代的玩家，光明使者它去沒有更醜。中繼聊天，或玩戶外教育，技術將擴展咽痛傳播，從湖雜誌。主持一個複雜的，電腦遊戲開發商。玩過足球，帝國的團隊為導向的結果，有被衝擊，我的競爭是一個擰包​​。平台的電網，並極大地降低了員工的汽車，沒有酒精工作服收入的敬業精神。 “ ”我們將是肯定要發表評論。離合器已經取得尼思的前面，刷，我的女神。明天，他們安裝了疼痛，或監測的恐懼，日本的帝國保持總線，微笑論壇成千上萬的聲音。 ，為螺紋，歡迎來到美國，還是世界各地的罐。電子郵件發送區實施擴張，坐在後面尼思幫助。一樣聰明，不中頻好漫畫，觀光元素替換球員，別墅沒有更多的使者，光它醜陋。中繼聊天，或玩戶外教育，要叛，酸痛的喉嚨蔓延來創建，給出一個大致湖。一個複雜的，電腦遊戲開發商主辦的發揮足球，以團隊為導向的結果，帝國，震盪，我的競爭是一個擰包​​。平台電網和大幅降低員工的汽車，沒有酒精。敬業精神這貨運火車上。 ,這是痛苦，謝謝你，後一個註釋。離合器取得了尼思的前面，刷，我的女神。明天，他們設置起來，疼痛，或監測的恐懼，日本的帝國保持總線，可以肯定的微笑論壇成千上萬的聲音。 ，正式擰，歡迎來訪的美國國，或油箱世界各地的壓力沒有到可以講電視上坐電子郵件尼思幫助。一樣聰明，不中頻好漫畫，觀光元素替代的玩家，光明使者它去沒有更醜。中繼聊天，或玩戶外教育，技術將擴展咽痛傳播，從湖雜誌。主持一個複雜的，電腦遊戲開發商。玩過足球，帝國的團隊為導向的結果，有被衝擊，我的競爭是一個擰包​​。平台的電網，並極大地降低了員工的汽車，沒有酒精工作服收入的敬業精神。 “ ”我們將是肯定要發表評論。離合器已經取得尼思的前面，刷，我的女神。明天，他們安裝了疼痛，或監測的恐懼，日本的帝國保持總線，微笑論壇成千上萬的聲音。 ，為螺紋，歡迎來到美國，還是世界各地的罐。電子郵件發送區實施擴張，坐在後面尼思幫助。一樣聰明，不中頻好漫畫，觀光元素替換球員，別墅沒有更多的使者，光它醜陋。中繼聊天，或玩戶外教育，要叛，酸痛的喉嚨蔓延來創建，給出一個大致湖。一個複雜的，電腦遊戲開發商主辦的發揮足球，以團隊為導向的結果，帝國，震盪，我的競爭是一個擰包​​。平台電網和大幅降低員工的汽車，沒有酒精。敬業精神這貨運火車上。 
,,,,,,,,,,,,,
auth,header.title.forgotten.password,Forgotten Password,Mot de passe oublié,Forgotten Password,Forgotten Password,Forgotten Password,Forgotten Password,Forgotten Password,Forgotten Password,密码忘记了,密碼忘記了,密碼忘記了,密碼忘記了
auth,main.content.title.forgotten.password,Forgotten Password,Mot de passe oublié,Forgotten Password,Forgotten Password,Forgotten Password,Forgotten Password,Forgotten Password,Forgotten Password,密码忘记了,密碼忘記了,密碼忘記了,密碼忘記了
auth,forgotten.password.content.text,"Lorem ipsum dolor sit amet, consectetur adipiscing elit. Nulla eget augue ante, et dignissim mi. Cras posuere, dolor vel tempus adipiscing, quam diam eleifend neque, sit amet pulvinar risus enim id elit. Curabitur vitae enim orci, vel tristique ligula. Nullam sed diam ut sem cursus molestie sed quis mauris. Ut imperdiet, nisi eu feugiat egestas, eros nisl elementum tortor, at rutrum odio nulla sit amet turpis. Nullam fermentum, velit vel ornare viverra, mauris velit malesuada augue, eu faucibus eros magna a lacus. Morbi a leo tortor, eu tincidunt velit. Morbi ullamcorper, quam consequat eleifend accumsan, metus erat commodo mi, vitae aliquet erat elit vitae tortor. In eget diam ac felis vulputate molestie pulvinar non arcu. Phasellus ut feugiat justo.","Lorem ipsum dolor sit amet, consectetur adipiscing elit. Nulla eget augue ante, et dignissim mi. Cras posuere, dolor vel tempus adipiscing, quam diam eleifend neque, sit amet pulvinar risus enim id elit. Curabitur vitae enim orci, vel tristique ligula. Nullam sed diam ut sem cursus molestie sed quis mauris. Ut imperdiet, nisi eu feugiat egestas, eros nisl elementum tortor, at rutrum odio nulla sit amet turpis. Nullam fermentum, velit vel ornare viverra, mauris velit malesuada augue, eu faucibus eros magna a lacus. Morbi a leo tortor, eu tincidunt velit. Morbi ullamcorper, quam consequat eleifend accumsan, metus erat commodo mi, vitae aliquet erat elit vitae tortor. In eget diam ac felis vulputate molestie pulvinar non arcu. Phasellus ut feugiat justo.","Lorem ipsum dolor sit amet, consectetur adipiscing elit. Nulla eget augue ante, et dignissim mi. Cras posuere, dolor vel tempus adipiscing, quam diam eleifend neque, sit amet pulvinar risus enim id elit. Curabitur vitae enim orci, vel tristique ligula. Nullam sed diam ut sem cursus molestie sed quis mauris. Ut imperdiet, nisi eu feugiat egestas, eros nisl elementum tortor, at rutrum odio nulla sit amet turpis. Nullam fermentum, velit vel ornare viverra, mauris velit malesuada augue, eu faucibus eros magna a lacus. Morbi a leo tortor, eu tincidunt velit. Morbi ullamcorper, quam consequat eleifend accumsan, metus erat commodo mi, vitae aliquet erat elit vitae tortor. In eget diam ac felis vulputate molestie pulvinar non arcu. Phasellus ut feugiat justo.","Lorem ipsum dolor sit amet, consectetur adipiscing elit. Nulla eget augue ante, et dignissim mi. Cras posuere, dolor vel tempus adipiscing, quam diam eleifend neque, sit amet pulvinar risus enim id elit. Curabitur vitae enim orci, vel tristique ligula. Nullam sed diam ut sem cursus molestie sed quis mauris. Ut imperdiet, nisi eu feugiat egestas, eros nisl elementum tortor, at rutrum odio nulla sit amet turpis. Nullam fermentum, velit vel ornare viverra, mauris velit malesuada augue, eu faucibus eros magna a lacus. Morbi a leo tortor, eu tincidunt velit. Morbi ullamcorper, quam consequat eleifend accumsan, metus erat commodo mi, vitae aliquet erat elit vitae tortor. In eget diam ac felis vulputate molestie pulvinar non arcu. Phasellus ut feugiat justo.","Lorem ipsum dolor sit amet, consectetur adipiscing elit. Nulla eget augue ante, et dignissim mi. Cras posuere, dolor vel tempus adipiscing, quam diam eleifend neque, sit amet pulvinar risus enim id elit. Curabitur vitae enim orci, vel tristique ligula. Nullam sed diam ut sem cursus molestie sed quis mauris. Ut imperdiet, nisi eu feugiat egestas, eros nisl elementum tortor, at rutrum odio nulla sit amet turpis. Nullam fermentum, velit vel ornare viverra, mauris velit malesuada augue, eu faucibus eros magna a lacus. Morbi a leo tortor, eu tincidunt velit. Morbi ullamcorper, quam consequat eleifend accumsan, metus erat commodo mi, vitae aliquet erat elit vitae tortor. In eget diam ac felis vulputate molestie pulvinar non arcu. Phasellus ut feugiat justo.","Lorem ipsum dolor sit amet, consectetur adipiscing elit. Nulla eget augue ante, et dignissim mi. Cras posuere, dolor vel tempus adipiscing, quam diam eleifend neque, sit amet pulvinar risus enim id elit. Curabitur vitae enim orci, vel tristique ligula. Nullam sed diam ut sem cursus molestie sed quis mauris. Ut imperdiet, nisi eu feugiat egestas, eros nisl elementum tortor, at rutrum odio nulla sit amet turpis. Nullam fermentum, velit vel ornare viverra, mauris velit malesuada augue, eu faucibus eros magna a lacus. Morbi a leo tortor, eu tincidunt velit. Morbi ullamcorper, quam consequat eleifend accumsan, metus erat commodo mi, vitae aliquet erat elit vitae tortor. In eget diam ac felis vulputate molestie pulvinar non arcu. Phasellus ut feugiat justo.","Lorem ipsum dolor sit amet, consectetur adipiscing elit. Nulla eget augue ante, et dignissim mi. Cras posuere, dolor vel tempus adipiscing, quam diam eleifend neque, sit amet pulvinar risus enim id elit. Curabitur vitae enim orci, vel tristique ligula. Nullam sed diam ut sem cursus molestie sed quis mauris. Ut imperdiet, nisi eu feugiat egestas, eros nisl elementum tortor, at rutrum odio nulla sit amet turpis. Nullam fermentum, velit vel ornare viverra, mauris velit malesuada augue, eu faucibus eros magna a lacus. Morbi a leo tortor, eu tincidunt velit. Morbi ullamcorper, quam consequat eleifend accumsan, metus erat commodo mi, vitae aliquet erat elit vitae tortor. In eget diam ac felis vulputate molestie pulvinar non arcu. Phasellus ut feugiat justo.","Lorem ipsum dolor sit amet, consectetur adipiscing elit. Nulla eget augue ante, et dignissim mi. Cras posuere, dolor vel tempus adipiscing, quam diam eleifend neque, sit amet pulvinar risus enim id elit. Curabitur vitae enim orci, vel tristique ligula. Nullam sed diam ut sem cursus molestie sed quis mauris. Ut imperdiet, nisi eu feugiat egestas, eros nisl elementum tortor, at rutrum odio nulla sit amet turpis. Nullam fermentum, velit vel ornare viverra, mauris velit malesuada augue, eu faucibus eros magna a lacus. Morbi a leo tortor, eu tincidunt velit. Morbi ullamcorper, quam consequat eleifend accumsan, metus erat commodo mi, vitae aliquet erat elit vitae tortor. In eget diam ac felis vulputate molestie pulvinar non arcu. Phasellus ut feugiat justo.",这是痛苦，谢谢你，后一个注释。离合器取得了尼思的前面，刷，我的女神。明天，他们设置起来，疼痛，或监测的恐惧，日本的帝国保持总线，可以肯定的微笑论坛成千上万的声音。 ，正式拧，欢迎来访的美国国，或油箱世界各地的压力没有到可以讲电视上坐电子邮件尼思帮助。一样聪明，不中频好漫画，观光元素替代的玩家，光明使者它去没有更丑。中继聊天，或玩户外教育，技术将扩展咽痛传播，从湖杂志。主持一个复杂的，电脑游戏开发商。玩过足球，帝国的团队为导向的结果，有被冲击，我的竞争是一个拧包。平台的电网，并极大地降低了员工的汽车，没有酒精工作服收入的敬业精神。 “ ”我们将是肯定要发表评论。离合器已经取得尼思的前面，刷，我的女神。明天，他们安装了疼痛，或监测的恐惧，日本的帝国保持总线，微笑论坛成千上万的声音。 ，为螺纹，欢迎来到美国，还是世界各地的罐。电子邮件发送区实施扩张，坐在后面尼思帮助。一样聪明，不中频好漫画，观光元素替换球员，别墅没有更多的使者，光它丑陋。中继聊天，或玩户外教育，要叛，酸痛的喉咙蔓延来创建，给出一个大致湖。一个复杂的，电脑游戏开发商主办的发挥足球，以团队为导向的结果，帝国，震荡，我的竞争是一个拧包。平台电网和大幅降低员工的汽车，没有酒精。敬业精神在这货运火车上。,這是痛苦，謝謝你，後一個註釋。離合器取得了尼思的前面，刷，我的女神。明天，他們設置起來，疼痛，或監測的恐懼，日本的帝國保持總線，可以肯定的微笑論壇成千上萬的聲音。 ，正式擰，歡迎來訪的美國國，或油箱世界各地的壓力沒有到可以講電視上坐電子郵件尼思幫助。一樣聰明，不中頻好漫畫，觀光元素替代的玩家，光明使者它去沒有更醜。中繼聊天，或玩戶外教育，技術將擴展咽痛傳播，從湖雜誌。主持一個複雜的，電腦遊戲開發商。玩過足球，帝國的團隊為導向的結果，有被衝擊，我的競爭是一個擰包​​。平台的電網，並極大地降低了員工的汽車，沒有酒精工作服收入的敬業精神。 “ ”我們將是肯定要發表評論。離合器已經取得尼思的前面，刷，我的女神。明天，他們安裝了疼痛，或監測的恐懼，日本的帝國保持總線，微笑論壇成千上萬的聲音。 ，為螺紋，歡迎來到美國，還是世界各地的罐。電子郵件發送區實施擴張，坐在後面尼思幫助。一樣聰明，不中頻好漫畫，觀光元素替換球員，別墅沒有更多的使者，光它醜陋。中繼聊天，或玩戶外教育，要叛，酸痛的喉嚨蔓延來創建，給出一個大致湖。一個複雜的，電腦遊戲開發商主辦的發揮足球，以團隊為導向的結果，帝國，震盪，我的競爭是一個擰包​​。平台電網和大幅降低員工的汽車，沒有酒精。敬業精神這貨運火車上。 ,這是痛苦，謝謝你，後一個註釋。離合器取得了尼思的前面，刷，我的女神。明天，他們設置起來，疼痛，或監測的恐懼，日本的帝國保持總線，可以肯定的微笑論壇成千上萬的聲音。 ，正式擰，歡迎來訪的美國國，或油箱世界各地的壓力沒有到可以講電視上坐電子郵件尼思幫助。一樣聰明，不中頻好漫畫，觀光元素替代的玩家，光明使者它去沒有更醜。中繼聊天，或玩戶外教育，技術將擴展咽痛傳播，從湖雜誌。主持一個複雜的，電腦遊戲開發商。玩過足球，帝國的團隊為導向的結果，有被衝擊，我的競爭是一個擰包​​。平台的電網，並極大地降低了員工的汽車，沒有酒精工作服收入的敬業精神。 “ ”我們將是肯定要發表評論。離合器已經取得尼思的前面，刷，我的女神。明天，他們安裝了疼痛，或監測的恐懼，日本的帝國保持總線，微笑論壇成千上萬的聲音。 ，為螺紋，歡迎來到美國，還是世界各地的罐。電子郵件發送區實施擴張，坐在後面尼思幫助。一樣聰明，不中頻好漫畫，觀光元素替換球員，別墅沒有更多的使者，光它醜陋。中繼聊天，或玩戶外教育，要叛，酸痛的喉嚨蔓延來創建，給出一個大致湖。一個複雜的，電腦遊戲開發商主辦的發揮足球，以團隊為導向的結果，帝國，震盪，我的競爭是一個擰包​​。平台電網和大幅降低員工的汽車，沒有酒精。敬業精神這貨運火車上。 ,這是痛苦，謝謝你，後一個註釋。離合器取得了尼思的前面，刷，我的女神。明天，他們設置起來，疼痛，或監測的恐懼，日本的帝國保持總線，可以肯定的微笑論壇成千上萬的聲音。 ，正式擰，歡迎來訪的美國國，或油箱世界各地的壓力沒有到可以講電視上坐電子郵件尼思幫助。一樣聰明，不中頻好漫畫，觀光元素替代的玩家，光明使者它去沒有更醜。中繼聊天，或玩戶外教育，技術將擴展咽痛傳播，從湖雜誌。主持一個複雜的，電腦遊戲開發商。玩過足球，帝國的團隊為導向的結果，有被衝擊，我的競爭是一個擰包​​。平台的電網，並極大地降低了員工的汽車，沒有酒精工作服收入的敬業精神。 “ ”我們將是肯定要發表評論。離合器已經取得尼思的前面，刷，我的女神。明天，他們安裝了疼痛，或監測的恐懼，日本的帝國保持總線，微笑論壇成千上萬的聲音。 ，為螺紋，歡迎來到美國，還是世界各地的罐。電子郵件發送區實施擴張，坐在後面尼思幫助。一樣聰明，不中頻好漫畫，觀光元素替換球員，別墅沒有更多的使者，光它醜陋。中繼聊天，或玩戶外教育，要叛，酸痛的喉嚨蔓延來創建，給出一個大致湖。一個複雜的，電腦遊戲開發商主辦的發揮足球，以團隊為導向的結果，帝國，震盪，我的競爭是一個擰包​​。平台電網和大幅降低員工的汽車，沒有酒精。敬業精神這貨運火車上。 
auth,forgotten.password.email.or.login,Email or Login,Votre email ou votre login,Email or Login,Email or Login,Email or Login,Email or Login,Email or Login,Email or Login,电子邮件或登录,電子郵件或登錄,電子郵件或登錄,電子郵件或登錄
auth,forgotten.password.email.success,"Lorem ipsum dolor sit amet, consectetur adipiscing elit. Nulla eget augue ante, et dignissim mi. Cras posuere, dolor vel tempus adipiscing, quam diam eleifend neque, sit amet pulvinar risus enim id elit. Curabitur vitae enim orci, vel tristique ligula. Nullam sed diam ut sem cursus molestie sed quis mauris. Ut imperdiet, nisi eu feugiat egestas, eros nisl elementum tortor, at rutrum odio nulla sit amet turpis. Nullam fermentum, velit vel ornare viverra, mauris velit malesuada augue, eu faucibus eros magna a lacus. Morbi a leo tortor, eu tincidunt velit. Morbi ullamcorper, quam consequat eleifend accumsan, metus erat commodo mi, vitae aliquet erat elit vitae tortor. In eget diam ac felis vulputate molestie pulvinar non arcu. Phasellus ut feugiat justo.","Lorem ipsum dolor sit amet, consectetur adipiscing elit. Nulla eget augue ante, et dignissim mi. Cras posuere, dolor vel tempus adipiscing, quam diam eleifend neque, sit amet pulvinar risus enim id elit. Curabitur vitae enim orci, vel tristique ligula. Nullam sed diam ut sem cursus molestie sed quis mauris. Ut imperdiet, nisi eu feugiat egestas, eros nisl elementum tortor, at rutrum odio nulla sit amet turpis. Nullam fermentum, velit vel ornare viverra, mauris velit malesuada augue, eu faucibus eros magna a lacus. Morbi a leo tortor, eu tincidunt velit. Morbi ullamcorper, quam consequat eleifend accumsan, metus erat commodo mi, vitae aliquet erat elit vitae tortor. In eget diam ac felis vulputate molestie pulvinar non arcu. Phasellus ut feugiat justo.","Lorem ipsum dolor sit amet, consectetur adipiscing elit. Nulla eget augue ante, et dignissim mi. Cras posuere, dolor vel tempus adipiscing, quam diam eleifend neque, sit amet pulvinar risus enim id elit. Curabitur vitae enim orci, vel tristique ligula. Nullam sed diam ut sem cursus molestie sed quis mauris. Ut imperdiet, nisi eu feugiat egestas, eros nisl elementum tortor, at rutrum odio nulla sit amet turpis. Nullam fermentum, velit vel ornare viverra, mauris velit malesuada augue, eu faucibus eros magna a lacus. Morbi a leo tortor, eu tincidunt velit. Morbi ullamcorper, quam consequat eleifend accumsan, metus erat commodo mi, vitae aliquet erat elit vitae tortor. In eget diam ac felis vulputate molestie pulvinar non arcu. Phasellus ut feugiat justo.","Lorem ipsum dolor sit amet, consectetur adipiscing elit. Nulla eget augue ante, et dignissim mi. Cras posuere, dolor vel tempus adipiscing, quam diam eleifend neque, sit amet pulvinar risus enim id elit. Curabitur vitae enim orci, vel tristique ligula. Nullam sed diam ut sem cursus molestie sed quis mauris. Ut imperdiet, nisi eu feugiat egestas, eros nisl elementum tortor, at rutrum odio nulla sit amet turpis. Nullam fermentum, velit vel ornare viverra, mauris velit malesuada augue, eu faucibus eros magna a lacus. Morbi a leo tortor, eu tincidunt velit. Morbi ullamcorper, quam consequat eleifend accumsan, metus erat commodo mi, vitae aliquet erat elit vitae tortor. In eget diam ac felis vulputate molestie pulvinar non arcu. Phasellus ut feugiat justo.","Lorem ipsum dolor sit amet, consectetur adipiscing elit. Nulla eget augue ante, et dignissim mi. Cras posuere, dolor vel tempus adipiscing, quam diam eleifend neque, sit amet pulvinar risus enim id elit. Curabitur vitae enim orci, vel tristique ligula. Nullam sed diam ut sem cursus molestie sed quis mauris. Ut imperdiet, nisi eu feugiat egestas, eros nisl elementum tortor, at rutrum odio nulla sit amet turpis. Nullam fermentum, velit vel ornare viverra, mauris velit malesuada augue, eu faucibus eros magna a lacus. Morbi a leo tortor, eu tincidunt velit. Morbi ullamcorper, quam consequat eleifend accumsan, metus erat commodo mi, vitae aliquet erat elit vitae tortor. In eget diam ac felis vulputate molestie pulvinar non arcu. Phasellus ut feugiat justo.","Lorem ipsum dolor sit amet, consectetur adipiscing elit. Nulla eget augue ante, et dignissim mi. Cras posuere, dolor vel tempus adipiscing, quam diam eleifend neque, sit amet pulvinar risus enim id elit. Curabitur vitae enim orci, vel tristique ligula. Nullam sed diam ut sem cursus molestie sed quis mauris. Ut imperdiet, nisi eu feugiat egestas, eros nisl elementum tortor, at rutrum odio nulla sit amet turpis. Nullam fermentum, velit vel ornare viverra, mauris velit malesuada augue, eu faucibus eros magna a lacus. Morbi a leo tortor, eu tincidunt velit. Morbi ullamcorper, quam consequat eleifend accumsan, metus erat commodo mi, vitae aliquet erat elit vitae tortor. In eget diam ac felis vulputate molestie pulvinar non arcu. Phasellus ut feugiat justo.","Lorem ipsum dolor sit amet, consectetur adipiscing elit. Nulla eget augue ante, et dignissim mi. Cras posuere, dolor vel tempus adipiscing, quam diam eleifend neque, sit amet pulvinar risus enim id elit. Curabitur vitae enim orci, vel tristique ligula. Nullam sed diam ut sem cursus molestie sed quis mauris. Ut imperdiet, nisi eu feugiat egestas, eros nisl elementum tortor, at rutrum odio nulla sit amet turpis. Nullam fermentum, velit vel ornare viverra, mauris velit malesuada augue, eu faucibus eros magna a lacus. Morbi a leo tortor, eu tincidunt velit. Morbi ullamcorper, quam consequat eleifend accumsan, metus erat commodo mi, vitae aliquet erat elit vitae tortor. In eget diam ac felis vulputate molestie pulvinar non arcu. Phasellus ut feugiat justo.","Lorem ipsum dolor sit amet, consectetur adipiscing elit. Nulla eget augue ante, et dignissim mi. Cras posuere, dolor vel tempus adipiscing, quam diam eleifend neque, sit amet pulvinar risus enim id elit. Curabitur vitae enim orci, vel tristique ligula. Nullam sed diam ut sem cursus molestie sed quis mauris. Ut imperdiet, nisi eu feugiat egestas, eros nisl elementum tortor, at rutrum odio nulla sit amet turpis. Nullam fermentum, velit vel ornare viverra, mauris velit malesuada augue, eu faucibus eros magna a lacus. Morbi a leo tortor, eu tincidunt velit. Morbi ullamcorper, quam consequat eleifend accumsan, metus erat commodo mi, vitae aliquet erat elit vitae tortor. In eget diam ac felis vulputate molestie pulvinar non arcu. Phasellus ut feugiat justo.",这是痛苦，谢谢你，后一个注释。离合器取得了尼思的前面，刷，我的女神。明天，他们设置起来，疼痛，或监测的恐惧，日本的帝国保持总线，可以肯定的微笑论坛成千上万的声音。 ，正式拧，欢迎来访的美国国，或油箱世界各地的压力没有到可以讲电视上坐电子邮件尼思帮助。一样聪明，不中频好漫画，观光元素替代的玩家，光明使者它去没有更丑。中继聊天，或玩户外教育，技术将扩展咽痛传播，从湖杂志。主持一个复杂的，电脑游戏开发商。玩过足球，帝国的团队为导向的结果，有被冲击，我的竞争是一个拧包。平台的电网，并极大地降低了员工的汽车，没有酒精工作服收入的敬业精神。 “ ”我们将是肯定要发表评论。离合器已经取得尼思的前面，刷，我的女神。明天，他们安装了疼痛，或监测的恐惧，日本的帝国保持总线，微笑论坛成千上万的声音。 ，为螺纹，欢迎来到美国，还是世界各地的罐。电子邮件发送区实施扩张，坐在后面尼思帮助。一样聪明，不中频好漫画，观光元素替换球员，别墅没有更多的使者，光它丑陋。中继聊天，或玩户外教育，要叛，酸痛的喉咙蔓延来创建，给出一个大致湖。一个复杂的，电脑游戏开发商主办的发挥足球，以团队为导向的结果，帝国，震荡，我的竞争是一个拧包。平台电网和大幅降低员工的汽车，没有酒精。敬业精神在这货运火车上。,這是痛苦，謝謝你，後一個註釋。離合器取得了尼思的前面，刷，我的女神。明天，他們設置起來，疼痛，或監測的恐懼，日本的帝國保持總線，可以肯定的微笑論壇成千上萬的聲音。 ，正式擰，歡迎來訪的美國國，或油箱世界各地的壓力沒有到可以講電視上坐電子郵件尼思幫助。一樣聰明，不中頻好漫畫，觀光元素替代的玩家，光明使者它去沒有更醜。中繼聊天，或玩戶外教育，技術將擴展咽痛傳播，從湖雜誌。主持一個複雜的，電腦遊戲開發商。玩過足球，帝國的團隊為導向的結果，有被衝擊，我的競爭是一個擰包​​。平台的電網，並極大地降低了員工的汽車，沒有酒精工作服收入的敬業精神。 “ ”我們將是肯定要發表評論。離合器已經取得尼思的前面，刷，我的女神。明天，他們安裝了疼痛，或監測的恐懼，日本的帝國保持總線，微笑論壇成千上萬的聲音。 ，為螺紋，歡迎來到美國，還是世界各地的罐。電子郵件發送區實施擴張，坐在後面尼思幫助。一樣聰明，不中頻好漫畫，觀光元素替換球員，別墅沒有更多的使者，光它醜陋。中繼聊天，或玩戶外教育，要叛，酸痛的喉嚨蔓延來創建，給出一個大致湖。一個複雜的，電腦遊戲開發商主辦的發揮足球，以團隊為導向的結果，帝國，震盪，我的競爭是一個擰包​​。平台電網和大幅降低員工的汽車，沒有酒精。敬業精神這貨運火車上。 ,這是痛苦，謝謝你，後一個註釋。離合器取得了尼思的前面，刷，我的女神。明天，他們設置起來，疼痛，或監測的恐懼，日本的帝國保持總線，可以肯定的微笑論壇成千上萬的聲音。 ，正式擰，歡迎來訪的美國國，或油箱世界各地的壓力沒有到可以講電視上坐電子郵件尼思幫助。一樣聰明，不中頻好漫畫，觀光元素替代的玩家，光明使者它去沒有更醜。中繼聊天，或玩戶外教育，技術將擴展咽痛傳播，從湖雜誌。主持一個複雜的，電腦遊戲開發商。玩過足球，帝國的團隊為導向的結果，有被衝擊，我的競爭是一個擰包​​。平台的電網，並極大地降低了員工的汽車，沒有酒精工作服收入的敬業精神。 “ ”我們將是肯定要發表評論。離合器已經取得尼思的前面，刷，我的女神。明天，他們安裝了疼痛，或監測的恐懼，日本的帝國保持總線，微笑論壇成千上萬的聲音。 ，為螺紋，歡迎來到美國，還是世界各地的罐。電子郵件發送區實施擴張，坐在後面尼思幫助。一樣聰明，不中頻好漫畫，觀光元素替換球員，別墅沒有更多的使者，光它醜陋。中繼聊天，或玩戶外教育，要叛，酸痛的喉嚨蔓延來創建，給出一個大致湖。一個複雜的，電腦遊戲開發商主辦的發揮足球，以團隊為導向的結果，帝國，震盪，我的競爭是一個擰包​​。平台電網和大幅降低員工的汽車，沒有酒精。敬業精神這貨運火車上。 ,這是痛苦，謝謝你，後一個註釋。離合器取得了尼思的前面，刷，我的女神。明天，他們設置起來，疼痛，或監測的恐懼，日本的帝國保持總線，可以肯定的微笑論壇成千上萬的聲音。 ，正式擰，歡迎來訪的美國國，或油箱世界各地的壓力沒有到可以講電視上坐電子郵件尼思幫助。一樣聰明，不中頻好漫畫，觀光元素替代的玩家，光明使者它去沒有更醜。中繼聊天，或玩戶外教育，技術將擴展咽痛傳播，從湖雜誌。主持一個複雜的，電腦遊戲開發商。玩過足球，帝國的團隊為導向的結果，有被衝擊，我的競爭是一個擰包​​。平台的電網，並極大地降低了員工的汽車，沒有酒精工作服收入的敬業精神。 “ ”我們將是肯定要發表評論。離合器已經取得尼思的前面，刷，我的女神。明天，他們安裝了疼痛，或監測的恐懼，日本的帝國保持總線，微笑論壇成千上萬的聲音。 ，為螺紋，歡迎來到美國，還是世界各地的罐。電子郵件發送區實施擴張，坐在後面尼思幫助。一樣聰明，不中頻好漫畫，觀光元素替換球員，別墅沒有更多的使者，光它醜陋。中繼聊天，或玩戶外教育，要叛，酸痛的喉嚨蔓延來創建，給出一個大致湖。一個複雜的，電腦遊戲開發商主辦的發揮足球，以團隊為導向的結果，帝國，震盪，我的競爭是一個擰包​​。平台電網和大幅降低員工的汽車，沒有酒精。敬業精神這貨運火車上。 
,,,,,,,,,,,,,
,## -- Search Page --,,,,,,,,,,,,
,header.title.search,Search,Rechercher,Search,Search,Search,Search,Search,Search,搜索,搜索,搜索,搜索
,main.content.title.search,Search,Rechercher,Search,Search,Search,Search,Search,Search,搜索,搜索,搜索,搜索
,header.menu.search,Search,Rechercher,Search,Search,Search,Search,Search,Search,搜索,搜索,搜索,搜索
,search.content.text,"Lorem ipsum dolor sit amet, consectetur adipiscing elit. Nulla eget augue ante, et dignissim mi. Cras posuere, dolor vel tempus adipiscing, quam diam eleifend neque, sit amet pulvinar risus enim id elit. Curabitur vitae enim orci, vel tristique ligula. Nullam sed diam ut sem cursus molestie sed quis mauris. Ut imperdiet, nisi eu feugiat egestas, eros nisl elementum tortor, at rutrum odio nulla sit amet turpis. Nullam fermentum, velit vel ornare viverra, mauris velit malesuada augue, eu faucibus eros magna a lacus. Morbi a leo tortor, eu tincidunt velit. Morbi ullamcorper, quam consequat eleifend accumsan, metus erat commodo mi, vitae aliquet erat elit vitae tortor. In eget diam ac felis vulputate molestie pulvinar non arcu. Phasellus ut feugiat justo.","Lorem ipsum dolor sit amet, consectetur adipiscing elit. Nulla eget augue ante, et dignissim mi. Cras posuere, dolor vel tempus adipiscing, quam diam eleifend neque, sit amet pulvinar risus enim id elit. Curabitur vitae enim orci, vel tristique ligula. Nullam sed diam ut sem cursus molestie sed quis mauris. Ut imperdiet, nisi eu feugiat egestas, eros nisl elementum tortor, at rutrum odio nulla sit amet turpis. Nullam fermentum, velit vel ornare viverra, mauris velit malesuada augue, eu faucibus eros magna a lacus. Morbi a leo tortor, eu tincidunt velit. Morbi ullamcorper, quam consequat eleifend accumsan, metus erat commodo mi, vitae aliquet erat elit vitae tortor. In eget diam ac felis vulputate molestie pulvinar non arcu. Phasellus ut feugiat justo.","Lorem ipsum dolor sit amet, consectetur adipiscing elit. Nulla eget augue ante, et dignissim mi. Cras posuere, dolor vel tempus adipiscing, quam diam eleifend neque, sit amet pulvinar risus enim id elit. Curabitur vitae enim orci, vel tristique ligula. Nullam sed diam ut sem cursus molestie sed quis mauris. Ut imperdiet, nisi eu feugiat egestas, eros nisl elementum tortor, at rutrum odio nulla sit amet turpis. Nullam fermentum, velit vel ornare viverra, mauris velit malesuada augue, eu faucibus eros magna a lacus. Morbi a leo tortor, eu tincidunt velit. Morbi ullamcorper, quam consequat eleifend accumsan, metus erat commodo mi, vitae aliquet erat elit vitae tortor. In eget diam ac felis vulputate molestie pulvinar non arcu. Phasellus ut feugiat justo.","Lorem ipsum dolor sit amet, consectetur adipiscing elit. Nulla eget augue ante, et dignissim mi. Cras posuere, dolor vel tempus adipiscing, quam diam eleifend neque, sit amet pulvinar risus enim id elit. Curabitur vitae enim orci, vel tristique ligula. Nullam sed diam ut sem cursus molestie sed quis mauris. Ut imperdiet, nisi eu feugiat egestas, eros nisl elementum tortor, at rutrum odio nulla sit amet turpis. Nullam fermentum, velit vel ornare viverra, mauris velit malesuada augue, eu faucibus eros magna a lacus. Morbi a leo tortor, eu tincidunt velit. Morbi ullamcorper, quam consequat eleifend accumsan, metus erat commodo mi, vitae aliquet erat elit vitae tortor. In eget diam ac felis vulputate molestie pulvinar non arcu. Phasellus ut feugiat justo.","Lorem ipsum dolor sit amet, consectetur adipiscing elit. Nulla eget augue ante, et dignissim mi. Cras posuere, dolor vel tempus adipiscing, quam diam eleifend neque, sit amet pulvinar risus enim id elit. Curabitur vitae enim orci, vel tristique ligula. Nullam sed diam ut sem cursus molestie sed quis mauris. Ut imperdiet, nisi eu feugiat egestas, eros nisl elementum tortor, at rutrum odio nulla sit amet turpis. Nullam fermentum, velit vel ornare viverra, mauris velit malesuada augue, eu faucibus eros magna a lacus. Morbi a leo tortor, eu tincidunt velit. Morbi ullamcorper, quam consequat eleifend accumsan, metus erat commodo mi, vitae aliquet erat elit vitae tortor. In eget diam ac felis vulputate molestie pulvinar non arcu. Phasellus ut feugiat justo.","Lorem ipsum dolor sit amet, consectetur adipiscing elit. Nulla eget augue ante, et dignissim mi. Cras posuere, dolor vel tempus adipiscing, quam diam eleifend neque, sit amet pulvinar risus enim id elit. Curabitur vitae enim orci, vel tristique ligula. Nullam sed diam ut sem cursus molestie sed quis mauris. Ut imperdiet, nisi eu feugiat egestas, eros nisl elementum tortor, at rutrum odio nulla sit amet turpis. Nullam fermentum, velit vel ornare viverra, mauris velit malesuada augue, eu faucibus eros magna a lacus. Morbi a leo tortor, eu tincidunt velit. Morbi ullamcorper, quam consequat eleifend accumsan, metus erat commodo mi, vitae aliquet erat elit vitae tortor. In eget diam ac felis vulputate molestie pulvinar non arcu. Phasellus ut feugiat justo.","Lorem ipsum dolor sit amet, consectetur adipiscing elit. Nulla eget augue ante, et dignissim mi. Cras posuere, dolor vel tempus adipiscing, quam diam eleifend neque, sit amet pulvinar risus enim id elit. Curabitur vitae enim orci, vel tristique ligula. Nullam sed diam ut sem cursus molestie sed quis mauris. Ut imperdiet, nisi eu feugiat egestas, eros nisl elementum tortor, at rutrum odio nulla sit amet turpis. Nullam fermentum, velit vel ornare viverra, mauris velit malesuada augue, eu faucibus eros magna a lacus. Morbi a leo tortor, eu tincidunt velit. Morbi ullamcorper, quam consequat eleifend accumsan, metus erat commodo mi, vitae aliquet erat elit vitae tortor. In eget diam ac felis vulputate molestie pulvinar non arcu. Phasellus ut feugiat justo.","Lorem ipsum dolor sit amet, consectetur adipiscing elit. Nulla eget augue ante, et dignissim mi. Cras posuere, dolor vel tempus adipiscing, quam diam eleifend neque, sit amet pulvinar risus enim id elit. Curabitur vitae enim orci, vel tristique ligula. Nullam sed diam ut sem cursus molestie sed quis mauris. Ut imperdiet, nisi eu feugiat egestas, eros nisl elementum tortor, at rutrum odio nulla sit amet turpis. Nullam fermentum, velit vel ornare viverra, mauris velit malesuada augue, eu faucibus eros magna a lacus. Morbi a leo tortor, eu tincidunt velit. Morbi ullamcorper, quam consequat eleifend accumsan, metus erat commodo mi, vitae aliquet erat elit vitae tortor. In eget diam ac felis vulputate molestie pulvinar non arcu. Phasellus ut feugiat justo.",这是痛苦，谢谢你，后一个注释。离合器取得了尼思的前面，刷，我的女神。明天，他们设置起来，疼痛，或监测的恐惧，日本的帝国保持总线，可以肯定的微笑论坛成千上万的声音。 ，正式拧，欢迎来访的美国国，或油箱世界各地的压力没有到可以讲电视上坐电子邮件尼思帮助。一样聪明，不中频好漫画，观光元素替代的玩家，光明使者它去没有更丑。中继聊天，或玩户外教育，技术将扩展咽痛传播，从湖杂志。主持一个复杂的，电脑游戏开发商。玩过足球，帝国的团队为导向的结果，有被冲击，我的竞争是一个拧包。平台的电网，并极大地降低了员工的汽车，没有酒精工作服收入的敬业精神。 “ ”我们将是肯定要发表评论。离合器已经取得尼思的前面，刷，我的女神。明天，他们安装了疼痛，或监测的恐惧，日本的帝国保持总线，微笑论坛成千上万的声音。 ，为螺纹，欢迎来到美国，还是世界各地的罐。电子邮件发送区实施扩张，坐在后面尼思帮助。一样聪明，不中频好漫画，观光元素替换球员，别墅没有更多的使者，光它丑陋。中继聊天，或玩户外教育，要叛，酸痛的喉咙蔓延来创建，给出一个大致湖。一个复杂的，电脑游戏开发商主办的发挥足球，以团队为导向的结果，帝国，震荡，我的竞争是一个拧包。平台电网和大幅降低员工的汽车，没有酒精。敬业精神在这货运火车上。,這是痛苦，謝謝你，後一個註釋。離合器取得了尼思的前面，刷，我的女神。明天，他們設置起來，疼痛，或監測的恐懼，日本的帝國保持總線，可以肯定的微笑論壇成千上萬的聲音。 ，正式擰，歡迎來訪的美國國，或油箱世界各地的壓力沒有到可以講電視上坐電子郵件尼思幫助。一樣聰明，不中頻好漫畫，觀光元素替代的玩家，光明使者它去沒有更醜。中繼聊天，或玩戶外教育，技術將擴展咽痛傳播，從湖雜誌。主持一個複雜的，電腦遊戲開發商。玩過足球，帝國的團隊為導向的結果，有被衝擊，我的競爭是一個擰包​​。平台的電網，並極大地降低了員工的汽車，沒有酒精工作服收入的敬業精神。 “ ”我們將是肯定要發表評論。離合器已經取得尼思的前面，刷，我的女神。明天，他們安裝了疼痛，或監測的恐懼，日本的帝國保持總線，微笑論壇成千上萬的聲音。 ，為螺紋，歡迎來到美國，還是世界各地的罐。電子郵件發送區實施擴張，坐在後面尼思幫助。一樣聰明，不中頻好漫畫，觀光元素替換球員，別墅沒有更多的使者，光它醜陋。中繼聊天，或玩戶外教育，要叛，酸痛的喉嚨蔓延來創建，給出一個大致湖。一個複雜的，電腦遊戲開發商主辦的發揮足球，以團隊為導向的結果，帝國，震盪，我的競爭是一個擰包​​。平台電網和大幅降低員工的汽車，沒有酒精。敬業精神這貨運火車上。 ,這是痛苦，謝謝你，後一個註釋。離合器取得了尼思的前面，刷，我的女神。明天，他們設置起來，疼痛，或監測的恐懼，日本的帝國保持總線，可以肯定的微笑論壇成千上萬的聲音。 ，正式擰，歡迎來訪的美國國，或油箱世界各地的壓力沒有到可以講電視上坐電子郵件尼思幫助。一樣聰明，不中頻好漫畫，觀光元素替代的玩家，光明使者它去沒有更醜。中繼聊天，或玩戶外教育，技術將擴展咽痛傳播，從湖雜誌。主持一個複雜的，電腦遊戲開發商。玩過足球，帝國的團隊為導向的結果，有被衝擊，我的競爭是一個擰包​​。平台的電網，並極大地降低了員工的汽車，沒有酒精工作服收入的敬業精神。 “ ”我們將是肯定要發表評論。離合器已經取得尼思的前面，刷，我的女神。明天，他們安裝了疼痛，或監測的恐懼，日本的帝國保持總線，微笑論壇成千上萬的聲音。 ，為螺紋，歡迎來到美國，還是世界各地的罐。電子郵件發送區實施擴張，坐在後面尼思幫助。一樣聰明，不中頻好漫畫，觀光元素替換球員，別墅沒有更多的使者，光它醜陋。中繼聊天，或玩戶外教育，要叛，酸痛的喉嚨蔓延來創建，給出一個大致湖。一個複雜的，電腦遊戲開發商主辦的發揮足球，以團隊為導向的結果，帝國，震盪，我的競爭是一個擰包​​。平台電網和大幅降低員工的汽車，沒有酒精。敬業精神這貨運火車上。 ,這是痛苦，謝謝你，後一個註釋。離合器取得了尼思的前面，刷，我的女神。明天，他們設置起來，疼痛，或監測的恐懼，日本的帝國保持總線，可以肯定的微笑論壇成千上萬的聲音。 ，正式擰，歡迎來訪的美國國，或油箱世界各地的壓力沒有到可以講電視上坐電子郵件尼思幫助。一樣聰明，不中頻好漫畫，觀光元素替代的玩家，光明使者它去沒有更醜。中繼聊天，或玩戶外教育，技術將擴展咽痛傳播，從湖雜誌。主持一個複雜的，電腦遊戲開發商。玩過足球，帝國的團隊為導向的結果，有被衝擊，我的競爭是一個擰包​​。平台的電網，並極大地降低了員工的汽車，沒有酒精工作服收入的敬業精神。 “ ”我們將是肯定要發表評論。離合器已經取得尼思的前面，刷，我的女神。明天，他們安裝了疼痛，或監測的恐懼，日本的帝國保持總線，微笑論壇成千上萬的聲音。 ，為螺紋，歡迎來到美國，還是世界各地的罐。電子郵件發送區實施擴張，坐在後面尼思幫助。一樣聰明，不中頻好漫畫，觀光元素替換球員，別墅沒有更多的使者，光它醜陋。中繼聊天，或玩戶外教育，要叛，酸痛的喉嚨蔓延來創建，給出一個大致湖。一個複雜的，電腦遊戲開發商主辦的發揮足球，以團隊為導向的結果，帝國，震盪，我的競爭是一個擰包​​。平台電網和大幅降低員工的汽車，沒有酒精。敬業精神這貨運火車上。 
,,,,,,,,,,,,,
search,form.search.label.text,Text,Text,Text,Text,Text,Text,Text,Text,文本,文本,文本,文本
,form.search.label.submit,Search,Rechercher,Search,Search,Search,Search,Search,Search,搜索,搜索,搜索,搜索
,,,,,,,,,,,,,
auth,error.form.search.text.empty,Text is mandatory,Text is mandatory,Text is mandatory,Text is mandatory,Text is mandatory,Text is mandatory,Text is mandatory,Text is mandatory,文字是强制性的,文字是強制性的,文字是強制性的,文字是強制性的
auth,error.form.search.text.is.not.valid,Text is not valid,Text is not valid,Text is not valid,Text is not valid,Text is not valid,Text is not valid,Text is not valid,Text is not valid,文字是无效的,文字是無效的,文字是無效的,文字是無效的
,,,,,,,,,,,,,
## -- Legal-Terms Page --,,,,,,,,,,,,,
legal_terms,header.title,Legacy,Mentions légales,Legacy,Legacy,Legacy,Legacy,Legacy,Legacy,遗产,遺產,遺產,遺產
menu,header.menu,Legacy,Mentions légales,Legacy,Legacy,Legacy,Legacy,Legacy,Legacy,遗产,遺產,遺產,遺產
legal_terms,content.text,"Lorem ipsum dolor sit amet, consectetur adipisicing elit, sed do eiusmod tempor incididunt ut labore et dolore magna aliqua. Ut enim ad minim veniam, quis nostrud exercitation ullamco laboris nisi ut aliquip ex ea commodo consequat. Duis aute irure dolor in reprehenderit in voluptate velit esse cillum dolore eu fugiat nulla pariatur. Excepteur sint occaecat cupidatat non proident, sunt in culpa qui officia deserunt mollit anim id est laborum","Lorem ipsum dolor sit amet, consectetur adipisicing elit, sed do eiusmod tempor incididunt ut labore et dolore magna aliqua. Ut enim ad minim veniam, quis nostrud exercitation ullamco laboris nisi ut aliquip ex ea commodo consequat. Duis aute irure dolor in reprehenderit in voluptate velit esse cillum dolore eu fugiat nulla pariatur. Excepteur sint occaecat cupidatat non proident, sunt in culpa qui officia deserunt mollit anim id est laborum","Lorem ipsum dolor sit amet, consectetur adipisicing elit, sed do eiusmod tempor incididunt ut labore et dolore magna aliqua. Ut enim ad minim veniam, quis nostrud exercitation ullamco laboris nisi ut aliquip ex ea commodo consequat. Duis aute irure dolor in reprehenderit in voluptate velit esse cillum dolore eu fugiat nulla pariatur. Excepteur sint occaecat cupidatat non proident, sunt in culpa qui officia deserunt mollit anim id est laborum","Lorem ipsum dolor sit amet, consectetur adipisicing elit, sed do eiusmod tempor incididunt ut labore et dolore magna aliqua. Ut enim ad minim veniam, quis nostrud exercitation ullamco laboris nisi ut aliquip ex ea commodo consequat. Duis aute irure dolor in reprehenderit in voluptate velit esse cillum dolore eu fugiat nulla pariatur. Excepteur sint occaecat cupidatat non proident, sunt in culpa qui officia deserunt mollit anim id est laborum","Lorem ipsum dolor sit amet, consectetur adipisicing elit, sed do eiusmod tempor incididunt ut labore et dolore magna aliqua. Ut enim ad minim veniam, quis nostrud exercitation ullamco laboris nisi ut aliquip ex ea commodo consequat. Duis aute irure dolor in reprehenderit in voluptate velit esse cillum dolore eu fugiat nulla pariatur. Excepteur sint occaecat cupidatat non proident, sunt in culpa qui officia deserunt mollit anim id est laborum","Lorem ipsum dolor sit amet, consectetur adipisicing elit, sed do eiusmod tempor incididunt ut labore et dolore magna aliqua. Ut enim ad minim veniam, quis nostrud exercitation ullamco laboris nisi ut aliquip ex ea commodo consequat. Duis aute irure dolor in reprehenderit in voluptate velit esse cillum dolore eu fugiat nulla pariatur. Excepteur sint occaecat cupidatat non proident, sunt in culpa qui officia deserunt mollit anim id est laborum","Lorem ipsum dolor sit amet, consectetur adipisicing elit, sed do eiusmod tempor incididunt ut labore et dolore magna aliqua. Ut enim ad minim veniam, quis nostrud exercitation ullamco laboris nisi ut aliquip ex ea commodo consequat. Duis aute irure dolor in reprehenderit in voluptate velit esse cillum dolore eu fugiat nulla pariatur. Excepteur sint occaecat cupidatat non proident, sunt in culpa qui officia deserunt mollit anim id est laborum","Lorem ipsum dolor sit amet, consectetur adipisicing elit, sed do eiusmod tempor incididunt ut labore et dolore magna aliqua. Ut enim ad minim veniam, quis nostrud exercitation ullamco laboris nisi ut aliquip ex ea commodo consequat. Duis aute irure dolor in reprehenderit in voluptate velit esse cillum dolore eu fugiat nulla pariatur. Excepteur sint occaecat cupidatat non proident, sunt in culpa qui officia deserunt mollit anim id est laborum",我们将以进口有意思，因为偶尔的情况下发生的，在众议院的疼痛，并且可以带他去代理徽导航。举一个小的例子，其中的美国席卷进行劳动力的体育锻炼，除了导航取得优势。目前，我们有指望在火车上找到故障高兴反映没有扩展到在线应用。最高法院的案件是完全的系统，他们是在故障车间软化建议您离开,我們將以進口有意思，因為偶爾的情況下發生的，在眾議院的疼痛，並且可以帶他去代理徽導航。舉一個小的例子，其中的美國席捲進行勞動力的體育鍛煉，除了導航取得優勢。目前，我們有指望在火車上找到故障高興反映沒有擴展到在線應用。最高法院的案件是完全的系統，他們是在故障車間軟化建議您離開,我們將以進口有意思，因為偶爾的情況下發生的，在眾議院的疼痛，並且可以帶他去代理徽導航。舉一個小的例子，其中的美國席捲進行勞動力的體育鍛煉，除了導航取得優勢。目前，我們有指望在火車上找到故障高興反映沒有擴展到在線應用。最高法院的案件是完全的系統，他們是在故障車間軟化建議您離開,我們將以進口有意思，因為偶爾的情況下發生的，在眾議院的疼痛，並且可以帶他去代理徽導航。舉一個小的例子，其中的美國席捲進行勞動力的體育鍛煉，除了導航取得優勢。目前，我們有指望在火車上找到故障高興反映沒有擴展到在線應用。最高法院的案件是完全的系統，他們是在故障車間軟化建議您離開
,,,,,,,,,,,,,
,,,,,,,,,,,,,
## -- FAQ Page --,,,,,,,,,,,,,
faq,header.title.faq,FAQ,FAQ,FAQ,FAQ,FAQ,FAQ,FAQ,FAQ,FAQ,FAQ,FAQ,FAQ
header_menu,faq,FAQ,FAQ,FAQ,FAQ,FAQ,FAQ,FAQ,FAQ,FAQ,FAQ,FAQ,FAQ
faq,main.content.title.faq,FAQ,FAQ,FAQ,FAQ,FAQ,FAQ,FAQ,FAQ,FAQ,FAQ,FAQ,FAQ
faq,faq.content.text,FAQ,FAQ,FAQ,FAQ,FAQ,FAQ,FAQ,FAQ,FAQ,FAQ,FAQ,FAQ
,,,,,,,,,,,,,
##,,,,,,,,,,,,,
## -- TECHNICAL PART --,,,,,,,,,,,,,
## ,,,,,,,,,,,,,
,,,,,,,,,,,,,
## -- User List Page --,,,,,,,,,,,,,
user,header.title.user.list,User list,User list,User list,User list,User list,User list,User list,User list,用户列表,用戶列表,用戶列表,用戶列表
header_menu,header.menu.user.list,User list,User list,User list,User list,User list,User list,User list,User list,用户列表,用戶列表,用戶列表,用戶列表
user,main.content.title.user.list,User list,User list,User list,User list,User list,User list,User list,User list,用户列表,用戶列表,用戶列表,用戶列表
user,user.list.content.text,User list,User list,User list,User list,User list,User list,User list,User list,用户列表,用戶列表,用戶列表,用戶列表
,,,,,,,,,,,,,
## -- SOLR Page --,,,,,,,,,,,,,
search,header.title.solr,SOLR,SOLR,SOLR,SOLR,SOLR,SOLR,SOLR,SOLR,SOLR,SOLR,SOLR,SOLR
search,solr,SOLR,SOLR,SOLR,SOLR,SOLR,SOLR,SOLR,SOLR,SOLR,SOLR,SOLR,SOLR
search,main.content.title.solr,SOLR,SOLR,SOLR,SOLR,SOLR,SOLR,SOLR,SOLR,SOLR,SOLR,SOLR,SOLR
,,,,,,,,,,,,,
## -- Cache Page --,,,,,,,,,,,,,
cache,header.title.cache,Cache,Cache,Cache,Cache,Cache,Cache,Cache,Cache,缓存,緩存,緩存,緩存
header_menu,cache,Cache,Cache,Cache,Cache,Cache,Cache,Cache,Cache,缓存,緩存,緩存,緩存
cache,main.content.title.cache,Cache,Cache,Cache,Cache,Cache,Cache,Cache,Cache,缓存,緩存,緩存,緩存
cache,cache.content.text,Cache,Cache,Cache,Cache,Cache,Cache,Cache,Cache,缓存,緩存,緩存,緩存
,,,,,,,,,,,,,
## -- Engine Setting List Page --,,,,,,,,,,,,,
,,,,,,,,,,,,,
engine_setting,header.title.engine.setting.list,Engine Setting List,Engine Setting List,Engine Setting List,Engine Setting List,Engine Setting List,Engine Setting List,Engine Setting List,Engine Setting List,引擎设置列表,引擎設置列表,引擎設置列表,引擎設置列表
engine_setting,header.menu.engine.setting.list,Engine Setting List,Engine Setting List,Engine Setting List,Engine Setting List,Engine Setting List,Engine Setting List,Engine Setting List,Engine Setting List,引擎设置列表,引擎設置列表,引擎設置列表,引擎設置列表
engine_setting,main.content.title.engine.setting.list,Engine Setting List,Engine Setting List,Engine Setting List,Engine Setting List,Engine Setting List,Engine Setting List,Engine Setting List,Engine Setting List,Engine Setting List,,引擎設置列表,引擎設置列表
engine_setting,engine.setting.list.content.text,Engine Setting List,Engine Setting List,Engine Setting List,Engine Setting List,Engine Setting List,Engine Setting List,Engine Setting List,Engine Setting List,引擎设置列表,引擎設置列表,引擎設置列表,引擎設置列表
,,,,,,,,,,,,,
## -- Engine Setting Details Page --,,,,,,,,,,,,,
engine_setting,header.title.engine.setting.details,Engine Setting Details,Engine Setting Details,Engine Setting Details,Engine Setting Details,Engine Setting Details,Engine Setting Details,Engine Setting Details,Engine Setting Details,引擎设置详情,引擎設置詳情,引擎設置詳情,引擎設置詳情
engine_setting,header.menu.engine.setting.details,Engine Setting Details,Engine Setting Details,Engine Setting Details,Engine Setting Details,Engine Setting Details,Engine Setting Details,Engine Setting Details,Engine Setting Details,引擎设置详情,引擎設置詳情,引擎設置詳情,引擎設置詳情
engine_setting,main.content.title.engine.setting.details,Engine Setting List,Engine Setting List,Engine Setting List,Engine Setting List,Engine Setting List,Engine Setting List,Engine Setting List,Engine Setting List,引擎设置列表,引擎設置列表,引擎設置列表,引擎設置列表
engine_setting,engine.setting.details.content.text,Engine Setting Details,Engine Setting Details,Engine Setting Details,Engine Setting Details,Engine Setting Details,Engine Setting Details,Engine Setting Details,Engine Setting Details,引擎设置详情,引擎設置詳情,引擎設置詳情,引擎設置詳情
engine_setting,engine.setting.details.edit.value,Edit,Editer,Edit,Edit,Edit,Edit,Edit,Edit,编辑,編輯,編輯,編輯
,,,,,,,,,,,,,
## -- Engine Setting Value Edit Page --,,,,,,,,,,,,,
engine_setting,header.title.engine.setting.value.edit,Engine Setting Edit,Engine Setting Edit,Engine Setting Edit,Engine Setting Edit,Engine Setting Edit,Engine Setting Edit,Engine Setting Edit,Engine Setting Edit,引擎设置编辑,引擎設置編輯,引擎設置編輯,引擎設置編輯
engine_setting,header.menu.engine.setting.value.edit,Engine Setting Edit,Engine Setting Edit,Engine Setting Edit,Engine Setting Edit,Engine Setting Edit,Engine Setting Edit,Engine Setting Edit,Engine Setting Edit,引擎设置编辑,引擎設置編輯,引擎設置編輯,引擎設置編輯
engine_setting,main.content.title.engine.setting.value.edit,Engine Setting Edit,Engine Setting Edit,Engine Setting Edit,Engine Setting Edit,Engine Setting Edit,Engine Setting Edit,Engine Setting Edit,Engine Setting Edit,引擎设置编辑,引擎設置編輯,引擎設置編輯,引擎設置編輯
engine_setting,error.form.engine.setting.context.is.empty,Context can't be empty,Context can't be empty,Context can't be empty,Context can't be empty,Context can't be empty,Context can't be empty,Context can't be empty,Context can't be empty,上下文不能为空,上下文不能為空,上下文不能為空,上下文不能為空
